Adjusted d_model from 128 to 129 to be divisible by n_channels=3
Adjusted d_model from 128 to 129 to be divisible by n_channels=3
Adjusted d_model from 128 to 129 to be divisible by n_channels=3
epoch 1 step 200: loss=2.1115 img=0.5757 qa=1.5659 gram=0.1150 uniq=0.0000 langAdv=0.0000 acc_ic@1=0.953 acc_qa@1=0.531 entropy=4.16
epoch 1 step 400: loss=1.5667 img=0.3534 qa=1.2471 gram=0.0777 uniq=0.0000 langAdv=0.0000 acc_ic@1=0.982 acc_qa@1=0.625 entropy=4.16
epoch 1 step 600: loss=1.4050 img=0.4549 qa=0.9841 gram=0.0764 uniq=0.0000 langAdv=0.0000 acc_ic@1=0.962 acc_qa@1=0.766 entropy=4.16
epoch 1 step 800: loss=1.2149 img=0.3189 qa=0.9305 gram=0.0706 uniq=0.0000 langAdv=0.0000 acc_ic@1=0.977 acc_qa@1=0.844 entropy=4.16
epoch 1 step 1000: loss=0.9152 img=0.2353 qa=0.7149 gram=0.0664 uniq=0.0000 langAdv=0.0000 acc_ic@1=0.983 acc_qa@1=0.859 entropy=4.16
epoch 1 step 1200: loss=0.7808 img=0.2150 qa=0.6011 gram=0.0633 uniq=0.0000 langAdv=0.0000 acc_ic@1=0.988 acc_qa@1=0.875 entropy=4.16
epoch 1 step 1400: loss=0.8857 img=0.1769 qa=0.7439 gram=0.0652 uniq=0.0000 langAdv=0.0000 acc_ic@1=0.990 acc_qa@1=0.812 entropy=4.16
epoch 2 step 200: loss=0.5879 img=0.1120 qa=0.5109 gram=0.0654 uniq=0.0000 langAdv=0.0000 acc_ic@1=0.998 acc_qa@1=0.875 entropy=4.16
epoch 2 step 400: loss=0.4476 img=0.1457 qa=0.3364 gram=0.0714 uniq=0.0000 langAdv=0.0000 acc_ic@1=0.994 acc_qa@1=0.953 entropy=4.16
epoch 2 step 600: loss=0.6100 img=0.1263 qa=0.5195 gram=0.0583 uniq=0.0000 langAdv=0.0000 acc_ic@1=0.996 acc_qa@1=0.875 entropy=4.16
epoch 2 step 800: loss=0.4388 img=0.1174 qa=0.3570 gram=0.0598 uniq=0.0000 langAdv=0.0000 acc_ic@1=0.997 acc_qa@1=0.906 entropy=4.16
epoch 2 step 1000: loss=0.5820 img=0.1410 qa=0.4755 gram=0.0710 uniq=0.0000 langAdv=0.0000 acc_ic@1=0.993 acc_qa@1=0.891 entropy=4.16
epoch 2 step 1200: loss=0.6859 img=0.0998 qa=0.6210 gram=0.0670 uniq=0.0000 langAdv=0.0000 acc_ic@1=0.996 acc_qa@1=0.875 entropy=4.16
epoch 2 step 1400: loss=0.5998 img=0.1263 qa=0.5082 gram=0.0698 uniq=0.0000 langAdv=0.0000 acc_ic@1=0.995 acc_qa@1=0.828 entropy=4.16
epoch 3 step 200: loss=0.2966 img=0.0701 qa=0.2626 gram=0.0552 uniq=0.0000 langAdv=0.0000 acc_ic@1=0.998 acc_qa@1=0.953 entropy=4.16
epoch 3 step 400: loss=0.2327 img=0.0765 qa=0.1923 gram=0.0557 uniq=0.0000 langAdv=0.0000 acc_ic@1=0.999 acc_qa@1=0.953 entropy=4.16
epoch 3 step 600: loss=0.2724 img=0.0698 qa=0.2380 gram=0.0618 uniq=0.0000 langAdv=0.0000 acc_ic@1=0.999 acc_qa@1=0.984 entropy=4.16
epoch 3 step 800: loss=0.3067 img=0.0768 qa=0.2660 gram=0.0553 uniq=0.0000 langAdv=0.0000 acc_ic@1=0.996 acc_qa@1=0.953 entropy=4.16
epoch 3 step 1000: loss=0.2821 img=0.0746 qa=0.2436 gram=0.0550 uniq=0.0000 langAdv=0.0000 acc_ic@1=0.998 acc_qa@1=0.969 entropy=4.16
epoch 3 step 1200: loss=0.2288 img=0.0673 qa=0.1977 gram=0.0535 uniq=0.0000 langAdv=0.0000 acc_ic@1=0.998 acc_qa@1=0.984 entropy=4.16
epoch 3 step 1400: loss=0.3473 img=0.0651 qa=0.3188 gram=0.0507 uniq=0.0000 langAdv=0.0000 acc_ic@1=0.997 acc_qa@1=0.922 entropy=4.16
epoch 4 step 200: loss=0.1662 img=0.0472 qa=0.1548 gram=0.0577 uniq=0.0000 langAdv=0.0000 acc_ic@1=0.999 acc_qa@1=0.969 entropy=4.16
epoch 4 step 400: loss=0.2070 img=0.0666 qa=0.1761 gram=0.0583 uniq=0.0000 langAdv=0.0000 acc_ic@1=0.998 acc_qa@1=0.984 entropy=4.16
epoch 4 step 600: loss=0.1240 img=0.0635 qa=0.0963 gram=0.0575 uniq=0.0000 langAdv=0.0000 acc_ic@1=0.998 acc_qa@1=1.000 entropy=4.16
epoch 4 step 800: loss=0.2137 img=0.0414 qa=0.2073 gram=0.0662 uniq=0.0000 langAdv=0.0000 acc_ic@1=0.999 acc_qa@1=0.969 entropy=4.16
epoch 4 step 1000: loss=0.2129 img=0.0666 qa=0.1822 gram=0.0571 uniq=0.0000 langAdv=0.0000 acc_ic@1=0.998 acc_qa@1=0.984 entropy=4.16
epoch 4 step 1200: loss=0.1701 img=0.0520 qa=0.1540 gram=0.0568 uniq=0.0000 langAdv=0.0000 acc_ic@1=0.999 acc_qa@1=0.984 entropy=4.16
epoch 4 step 1400: loss=0.1890 img=0.0721 qa=0.1524 gram=0.0605 uniq=0.0000 langAdv=0.0000 acc_ic@1=0.998 acc_qa@1=0.984 entropy=4.16
epoch 5 step 200: loss=0.2232 img=0.0480 qa=0.2106 gram=0.0616 uniq=0.0000 langAdv=0.0000 acc_ic@1=0.996 acc_qa@1=0.969 entropy=4.16
epoch 5 step 400: loss=0.2163 img=0.0492 qa=0.2031 gram=0.0563 uniq=0.0000 langAdv=0.0000 acc_ic@1=0.999 acc_qa@1=0.938 entropy=4.16
epoch 5 step 600: loss=0.1771 img=0.0554 qa=0.1574 gram=0.0593 uniq=0.0000 langAdv=0.0000 acc_ic@1=0.999 acc_qa@1=0.969 entropy=4.16
epoch 5 step 800: loss=0.1422 img=0.0298 qa=0.1485 gram=0.0540 uniq=0.0000 langAdv=0.0000 acc_ic@1=1.000 acc_qa@1=0.969 entropy=4.16
epoch 5 step 1000: loss=0.2081 img=0.0422 qa=0.2015 gram=0.0600 uniq=0.0000 langAdv=0.0000 acc_ic@1=0.999 acc_qa@1=0.953 entropy=4.16
epoch 5 step 1200: loss=0.1206 img=0.0455 qa=0.1113 gram=0.0529 uniq=0.0000 langAdv=0.0000 acc_ic@1=0.998 acc_qa@1=0.984 entropy=4.16
epoch 5 step 1400: loss=0.1385 img=0.0441 qa=0.1312 gram=0.0474 uniq=0.0000 langAdv=0.0000 acc_ic@1=0.998 acc_qa@1=1.000 entropy=4.16
epoch 6 step 200: loss=0.1633 img=0.0318 qa=0.1671 gram=0.0593 uniq=0.0000 langAdv=0.0000 acc_ic@1=1.000 acc_qa@1=0.938 entropy=4.16
epoch 6 step 400: loss=0.1129 img=0.0462 qa=0.1023 gram=0.0601 uniq=0.0000 langAdv=0.0000 acc_ic@1=0.999 acc_qa@1=1.000 entropy=4.16
epoch 6 step 600: loss=0.1760 img=0.0425 qa=0.1701 gram=0.0495 uniq=0.0000 langAdv=0.0000 acc_ic@1=0.999 acc_qa@1=0.984 entropy=4.16
epoch 6 step 800: loss=0.0961 img=0.0350 qa=0.0976 gram=0.0502 uniq=0.0000 langAdv=0.0000 acc_ic@1=0.999 acc_qa@1=0.984 entropy=4.16
epoch 6 step 1000: loss=0.1490 img=0.0301 qa=0.1548 gram=0.0572 uniq=0.0000 langAdv=0.0000 acc_ic@1=1.000 acc_qa@1=0.969 entropy=4.16
epoch 6 step 1200: loss=0.1304 img=0.0324 qa=0.1341 gram=0.0542 uniq=0.0000 langAdv=0.0000 acc_ic@1=1.000 acc_qa@1=0.953 entropy=4.16
epoch 6 step 1400: loss=0.0797 img=0.0325 qa=0.0839 gram=0.0494 uniq=0.0000 langAdv=0.0000 acc_ic@1=0.998 acc_qa@1=1.000 entropy=4.16
epoch 7 step 200: loss=0.0866 img=0.0429 qa=0.0799 gram=0.0535 uniq=0.0000 langAdv=0.0000 acc_ic@1=0.999 acc_qa@1=1.000 entropy=4.16
epoch 7 step 400: loss=0.0946 img=0.0322 qa=0.0980 gram=0.0588 uniq=0.0000 langAdv=0.0000 acc_ic@1=0.999 acc_qa@1=1.000 entropy=4.16
epoch 7 step 600: loss=0.1417 img=0.0279 qa=0.1502 gram=0.0520 uniq=0.0000 langAdv=0.0000 acc_ic@1=0.999 acc_qa@1=0.969 entropy=4.16
epoch 7 step 800: loss=0.0662 img=0.0330 qa=0.0691 gram=0.0556 uniq=0.0000 langAdv=0.0000 acc_ic@1=1.000 acc_qa@1=1.000 entropy=4.16
epoch 7 step 1000: loss=0.0888 img=0.0381 qa=0.0870 gram=0.0522 uniq=0.0000 langAdv=0.0000 acc_ic@1=0.999 acc_qa@1=1.000 entropy=4.16
epoch 7 step 1200: loss=0.1201 img=0.0374 qa=0.1193 gram=0.0497 uniq=0.0000 langAdv=0.0000 acc_ic@1=0.999 acc_qa@1=0.984 entropy=4.16
epoch 7 step 1400: loss=0.0764 img=0.0294 qa=0.0832 gram=0.0536 uniq=0.0000 langAdv=0.0000 acc_ic@1=0.999 acc_qa@1=1.000 entropy=4.16
epoch 8 step 200: loss=0.1172 img=0.0350 qa=0.1185 gram=0.0524 uniq=0.0000 langAdv=0.0000 acc_ic@1=0.999 acc_qa@1=0.969 entropy=4.16
epoch 8 step 400: loss=0.0612 img=0.0274 qa=0.0707 gram=0.0471 uniq=0.0000 langAdv=0.0000 acc_ic@1=1.000 acc_qa@1=1.000 entropy=4.15
epoch 8 step 600: loss=0.0806 img=0.0262 qa=0.0907 gram=0.0532 uniq=0.0000 langAdv=0.0000 acc_ic@1=0.999 acc_qa@1=1.000 entropy=4.15
epoch 8 step 800: loss=0.1315 img=0.0340 qa=0.1324 gram=0.0672 uniq=0.0000 langAdv=0.0000 acc_ic@1=0.999 acc_qa@1=0.969 entropy=4.15
epoch 8 step 1000: loss=0.0890 img=0.0301 qa=0.0945 gram=0.0599 uniq=0.0000 langAdv=0.0000 acc_ic@1=0.999 acc_qa@1=1.000 entropy=4.15
epoch 8 step 1200: loss=0.1301 img=0.0334 qa=0.1336 gram=0.0466 uniq=0.0000 langAdv=0.0000 acc_ic@1=1.000 acc_qa@1=1.000 entropy=4.15
epoch 8 step 1400: loss=0.1566 img=0.0314 qa=0.1622 gram=0.0448 uniq=0.0000 langAdv=0.0000 acc_ic@1=0.999 acc_qa@1=0.984 entropy=4.15
epoch 9 step 200: loss=0.0795 img=0.0303 qa=0.0854 gram=0.0534 uniq=0.0000 langAdv=0.0000 acc_ic@1=0.999 acc_qa@1=1.000 entropy=4.15
epoch 9 step 400: loss=0.0875 img=0.0208 qa=0.1037 gram=0.0455 uniq=0.0000 langAdv=0.0000 acc_ic@1=0.999 acc_qa@1=0.984 entropy=4.15
epoch 9 step 600: loss=0.0437 img=0.0314 qa=0.0492 gram=0.0467 uniq=0.0000 langAdv=0.0000 acc_ic@1=0.999 acc_qa@1=1.000 entropy=4.15
epoch 9 step 800: loss=0.0442 img=0.0241 qa=0.0568 gram=0.0482 uniq=0.0000 langAdv=0.0000 acc_ic@1=1.000 acc_qa@1=1.000 entropy=4.15
epoch 9 step 1000: loss=0.0878 img=0.0257 qa=0.0980 gram=0.0557 uniq=0.0000 langAdv=0.0000 acc_ic@1=0.999 acc_qa@1=1.000 entropy=4.15
epoch 9 step 1200: loss=0.0884 img=0.0248 qa=0.1002 gram=0.0491 uniq=0.0000 langAdv=0.0000 acc_ic@1=0.999 acc_qa@1=0.969 entropy=4.15
epoch 9 step 1400: loss=0.0724 img=0.0293 qa=0.0798 gram=0.0492 uniq=0.0000 langAdv=0.0000 acc_ic@1=0.999 acc_qa@1=1.000 entropy=4.15
epoch 10 step 200: loss=0.0560 img=0.0278 qa=0.0637 gram=0.0600 uniq=0.0000 langAdv=0.0000 acc_ic@1=0.999 acc_qa@1=1.000 entropy=4.15
epoch 10 step 400: loss=0.0687 img=0.0304 qa=0.0749 gram=0.0500 uniq=0.0000 langAdv=0.0000 acc_ic@1=0.999 acc_qa@1=1.000 entropy=4.15
epoch 10 step 600: loss=0.0239 img=0.0226 qa=0.0378 gram=0.0498 uniq=0.0000 langAdv=0.0000 acc_ic@1=0.999 acc_qa@1=1.000 entropy=4.15
epoch 10 step 800: loss=0.0610 img=0.0192 qa=0.0785 gram=0.0480 uniq=0.0000 langAdv=0.0000 acc_ic@1=1.000 acc_qa@1=1.000 entropy=4.15
epoch 10 step 1000: loss=0.0836 img=0.0233 qa=0.0969 gram=0.0489 uniq=0.0000 langAdv=0.0000 acc_ic@1=0.999 acc_qa@1=0.984 entropy=4.15
epoch 10 step 1200: loss=0.0621 img=0.0234 qa=0.0756 gram=0.0458 uniq=0.0000 langAdv=0.0000 acc_ic@1=0.999 acc_qa@1=0.984 entropy=4.15
epoch 10 step 1400: loss=0.1166 img=0.0326 qa=0.1207 gram=0.0482 uniq=0.0000 langAdv=0.0000 acc_ic@1=0.998 acc_qa@1=0.953 entropy=4.15
Training complete. Artifacts saved in /home/lachlan/ProjectsLFS/incoder/artifacts/ilm_glyph_train_eos64_full
Adjusted d_model from 128 to 129 to be divisible by n_channels=3
epoch 11 step 200: loss=0.0166 img=0.0209 qa=0.0320 gram=0.0524 uniq=0.0000 langAdv=0.0000 acc_ic@1=0.999 acc_qa@1=1.000 entropy=4.15
epoch 11 step 400: loss=0.0563 img=0.0205 qa=0.0726 gram=0.0477 uniq=0.0000 langAdv=0.0000 acc_ic@1=0.999 acc_qa@1=1.000 entropy=4.15
epoch 11 step 600: loss=0.0553 img=0.0256 qa=0.0663 gram=0.0498 uniq=0.0000 langAdv=0.0000 acc_ic@1=0.998 acc_qa@1=0.984 entropy=4.15
epoch 11 step 800: loss=0.0533 img=0.0231 qa=0.0671 gram=0.0458 uniq=0.0000 langAdv=0.0000 acc_ic@1=0.999 acc_qa@1=1.000 entropy=4.15
epoch 11 step 1000: loss=0.0803 img=0.0215 qa=0.0959 gram=0.0446 uniq=0.0000 langAdv=0.0000 acc_ic@1=0.999 acc_qa@1=1.000 entropy=4.15
epoch 11 step 1200: loss=0.0438 img=0.0214 qa=0.0591 gram=0.0485 uniq=0.0000 langAdv=0.0000 acc_ic@1=0.999 acc_qa@1=1.000 entropy=4.15
epoch 11 step 1400: loss=0.1416 img=0.0179 qa=0.1601 gram=0.0506 uniq=0.0000 langAdv=0.0000 acc_ic@1=1.000 acc_qa@1=0.953 entropy=4.15
epoch 12 step 200: loss=0.0702 img=0.0202 qa=0.0864 gram=0.0512 uniq=0.0000 langAdv=0.0000 acc_ic@1=0.999 acc_qa@1=1.000 entropy=4.15
epoch 12 step 400: loss=0.0341 img=0.0252 qa=0.0448 gram=0.0569 uniq=0.0000 langAdv=0.0000 acc_ic@1=1.000 acc_qa@1=1.000 entropy=4.15
epoch 12 step 600: loss=0.0607 img=0.0218 qa=0.0759 gram=0.0456 uniq=0.0000 langAdv=0.0000 acc_ic@1=1.000 acc_qa@1=1.000 entropy=4.15
epoch 12 step 800: loss=0.0577 img=0.0228 qa=0.0715 gram=0.0482 uniq=0.0000 langAdv=0.0000 acc_ic@1=0.999 acc_qa@1=0.984 entropy=4.15
epoch 12 step 1000: loss=0.0972 img=0.0306 qa=0.1023 gram=0.0579 uniq=0.0000 langAdv=0.0000 acc_ic@1=0.997 acc_qa@1=1.000 entropy=4.15
epoch 12 step 1200: loss=0.1551 img=0.0224 qa=0.1688 gram=0.0542 uniq=0.0000 langAdv=0.0000 acc_ic@1=0.999 acc_qa@1=0.969 entropy=4.15
epoch 12 step 1400: loss=0.0761 img=0.0258 qa=0.0863 gram=0.0556 uniq=0.0000 langAdv=0.0000 acc_ic@1=0.999 acc_qa@1=0.984 entropy=4.15
epoch 13 step 200: loss=0.0630 img=0.0192 qa=0.0808 gram=0.0459 uniq=0.0000 langAdv=0.0000 acc_ic@1=0.999 acc_qa@1=0.969 entropy=4.15
epoch 13 step 400: loss=0.0402 img=0.0233 qa=0.0539 gram=0.0455 uniq=0.0000 langAdv=0.0000 acc_ic@1=0.999 acc_qa@1=1.000 entropy=4.15
epoch 13 step 600: loss=0.0274 img=0.0186 qa=0.0454 gram=0.0496 uniq=0.0000 langAdv=0.0000 acc_ic@1=1.000 acc_qa@1=1.000 entropy=4.15
epoch 13 step 800: loss=0.0714 img=0.0197 qa=0.0888 gram=0.0433 uniq=0.0000 langAdv=0.0000 acc_ic@1=0.999 acc_qa@1=0.984 entropy=4.15
epoch 13 step 1000: loss=0.0480 img=0.0215 qa=0.0636 gram=0.0446 uniq=0.0000 langAdv=0.0000 acc_ic@1=0.999 acc_qa@1=0.984 entropy=4.15
epoch 13 step 1200: loss=0.0501 img=0.0201 qa=0.0672 gram=0.0423 uniq=0.0000 langAdv=0.0000 acc_ic@1=0.999 acc_qa@1=1.000 entropy=4.15
epoch 13 step 1400: loss=0.0701 img=0.0181 qa=0.0895 gram=0.0408 uniq=0.0000 langAdv=0.0000 acc_ic@1=0.999 acc_qa@1=0.984 entropy=4.15
epoch 14 step 200: loss=0.0317 img=0.0184 qa=0.0501 gram=0.0467 uniq=0.0000 langAdv=0.0000 acc_ic@1=0.999 acc_qa@1=1.000 entropy=4.15
epoch 14 step 400: loss=0.0469 img=0.0235 qa=0.0600 gram=0.0496 uniq=0.0000 langAdv=0.0000 acc_ic@1=0.999 acc_qa@1=1.000 entropy=4.15
epoch 14 step 600: loss=0.0150 img=0.0224 qa=0.0295 gram=0.0471 uniq=0.0000 langAdv=0.0000 acc_ic@1=0.999 acc_qa@1=1.000 entropy=4.15
epoch 14 step 800: loss=0.0337 img=0.0157 qa=0.0539 gram=0.0565 uniq=0.0000 langAdv=0.0000 acc_ic@1=0.999 acc_qa@1=1.000 entropy=4.15
epoch 14 step 1000: loss=0.0653 img=0.0223 qa=0.0801 gram=0.0450 uniq=0.0000 langAdv=0.0000 acc_ic@1=0.999 acc_qa@1=0.984 entropy=4.15
epoch 14 step 1200: loss=0.0320 img=0.0183 qa=0.0502 gram=0.0492 uniq=0.0000 langAdv=0.0000 acc_ic@1=0.999 acc_qa@1=1.000 entropy=4.15
epoch 14 step 1400: loss=0.0335 img=0.0225 qa=0.0472 gram=0.0520 uniq=0.0000 langAdv=0.0000 acc_ic@1=0.999 acc_qa@1=1.000 entropy=4.15
epoch 15 step 200: loss=0.0698 img=0.0233 qa=0.0827 gram=0.0527 uniq=0.0000 langAdv=0.0000 acc_ic@1=0.996 acc_qa@1=1.000 entropy=4.15
epoch 15 step 400: loss=0.0509 img=0.0195 qa=0.0681 gram=0.0484 uniq=0.0000 langAdv=0.0000 acc_ic@1=0.999 acc_qa@1=0.984 entropy=4.15
epoch 15 step 600: loss=0.0297 img=0.0238 qa=0.0425 gram=0.0497 uniq=0.0000 langAdv=0.0000 acc_ic@1=0.999 acc_qa@1=1.000 entropy=4.15
epoch 15 step 800: loss=0.0423 img=0.0137 qa=0.0655 gram=0.0457 uniq=0.0000 langAdv=0.0000 acc_ic@1=1.000 acc_qa@1=1.000 entropy=4.15
epoch 15 step 1000: loss=0.0474 img=0.0185 qa=0.0651 gram=0.0528 uniq=0.0000 langAdv=0.0000 acc_ic@1=0.999 acc_qa@1=0.984 entropy=4.15
epoch 15 step 1200: loss=0.0315 img=0.0197 qa=0.0487 gram=0.0456 uniq=0.0000 langAdv=0.0000 acc_ic@1=0.999 acc_qa@1=1.000 entropy=4.15
epoch 15 step 1400: loss=0.0421 img=0.0186 qa=0.0609 gram=0.0415 uniq=0.0000 langAdv=0.0000 acc_ic@1=0.999 acc_qa@1=1.000 entropy=4.15
epoch 16 step 200: loss=0.0725 img=0.0149 qa=0.0938 gram=0.0532 uniq=0.0000 langAdv=0.0000 acc_ic@1=1.000 acc_qa@1=0.969 entropy=4.15
epoch 16 step 400: loss=0.0370 img=0.0224 qa=0.0509 gram=0.0526 uniq=0.0000 langAdv=0.0000 acc_ic@1=0.999 acc_qa@1=1.000 entropy=4.15
epoch 16 step 600: loss=0.0527 img=0.0205 qa=0.0693 gram=0.0442 uniq=0.0000 langAdv=0.0000 acc_ic@1=0.999 acc_qa@1=0.984 entropy=4.15
epoch 16 step 800: loss=0.0404 img=0.0164 qa=0.0611 gram=0.0438 uniq=0.0000 langAdv=0.0000 acc_ic@1=0.999 acc_qa@1=1.000 entropy=4.15
epoch 16 step 1000: loss=0.0541 img=0.0153 qa=0.0751 gram=0.0519 uniq=0.0000 langAdv=0.0000 acc_ic@1=1.000 acc_qa@1=0.984 entropy=4.15
epoch 16 step 1200: loss=0.0491 img=0.0162 qa=0.0696 gram=0.0483 uniq=0.0000 langAdv=0.0000 acc_ic@1=1.000 acc_qa@1=0.984 entropy=4.15
epoch 16 step 1400: loss=0.0135 img=0.0179 qa=0.0326 gram=0.0443 uniq=0.0000 langAdv=0.0000 acc_ic@1=0.999 acc_qa@1=1.000 entropy=4.15
epoch 17 step 200: loss=0.0334 img=0.0227 qa=0.0475 gram=0.0469 uniq=0.0000 langAdv=0.0000 acc_ic@1=0.999 acc_qa@1=1.000 entropy=4.15
epoch 17 step 400: loss=0.0368 img=0.0169 qa=0.0561 gram=0.0529 uniq=0.0000 langAdv=0.0000 acc_ic@1=1.000 acc_qa@1=1.000 entropy=4.15
epoch 17 step 600: loss=0.0817 img=0.0157 qa=0.1029 gram=0.0461 uniq=0.0000 langAdv=0.0000 acc_ic@1=0.999 acc_qa@1=0.969 entropy=4.15
epoch 17 step 800: loss=0.0281 img=0.0178 qa=0.0466 gram=0.0512 uniq=0.0000 langAdv=0.0000 acc_ic@1=1.000 acc_qa@1=0.984 entropy=4.15
epoch 17 step 1000: loss=0.0191 img=0.0196 qa=0.0362 gram=0.0479 uniq=0.0000 langAdv=0.0000 acc_ic@1=0.999 acc_qa@1=1.000 entropy=4.15
epoch 17 step 1200: loss=0.0466 img=0.0200 qa=0.0635 gram=0.0455 uniq=0.0000 langAdv=0.0000 acc_ic@1=0.999 acc_qa@1=1.000 entropy=4.15
epoch 17 step 1400: loss=0.0251 img=0.0170 qa=0.0448 gram=0.0481 uniq=0.0000 langAdv=0.0000 acc_ic@1=0.999 acc_qa@1=1.000 entropy=4.15
epoch 18 step 200: loss=0.0355 img=0.0188 qa=0.0535 gram=0.0473 uniq=0.0000 langAdv=0.0000 acc_ic@1=0.999 acc_qa@1=1.000 entropy=4.15
epoch 18 step 400: loss=0.0190 img=0.0155 qa=0.0408 gram=0.0427 uniq=0.0000 langAdv=0.0000 acc_ic@1=1.000 acc_qa@1=1.000 entropy=4.15
epoch 18 step 600: loss=0.0309 img=0.0154 qa=0.0521 gram=0.0489 uniq=0.0000 langAdv=0.0000 acc_ic@1=0.999 acc_qa@1=1.000 entropy=4.15
epoch 18 step 800: loss=0.0351 img=0.0192 qa=0.0512 gram=0.0616 uniq=0.0000 langAdv=0.0000 acc_ic@1=0.999 acc_qa@1=1.000 entropy=4.15
epoch 18 step 1000: loss=0.0200 img=0.0169 qa=0.0391 gram=0.0557 uniq=0.0000 langAdv=0.0000 acc_ic@1=0.999 acc_qa@1=1.000 entropy=4.15
epoch 18 step 1200: loss=0.0387 img=0.0180 qa=0.0579 gram=0.0424 uniq=0.0000 langAdv=0.0000 acc_ic@1=1.000 acc_qa@1=1.000 entropy=4.15
epoch 18 step 1400: loss=0.0512 img=0.0180 qa=0.0706 gram=0.0403 uniq=0.0000 langAdv=0.0000 acc_ic@1=0.999 acc_qa@1=1.000 entropy=4.15
epoch 19 step 200: loss=0.0268 img=0.0185 qa=0.0449 gram=0.0479 uniq=0.0000 langAdv=0.0000 acc_ic@1=0.999 acc_qa@1=1.000 entropy=4.15
epoch 19 step 400: loss=0.0266 img=0.0132 qa=0.0507 gram=0.0413 uniq=0.0000 langAdv=0.0000 acc_ic@1=0.999 acc_qa@1=1.000 entropy=4.15
epoch 19 step 600: loss=0.0076 img=0.0190 qa=0.0257 gram=0.0432 uniq=0.0000 langAdv=0.0000 acc_ic@1=0.999 acc_qa@1=1.000 entropy=4.15
epoch 19 step 800: loss=0.0141 img=0.0150 qa=0.0362 gram=0.0442 uniq=0.0000 langAdv=0.0000 acc_ic@1=1.000 acc_qa@1=1.000 entropy=4.15
epoch 19 step 1000: loss=0.0431 img=0.0166 qa=0.0628 gram=0.0519 uniq=0.0000 langAdv=0.0000 acc_ic@1=0.999 acc_qa@1=1.000 entropy=4.15
epoch 19 step 1200: loss=0.0373 img=0.0160 qa=0.0582 gram=0.0445 uniq=0.0000 langAdv=0.0000 acc_ic@1=0.999 acc_qa@1=0.984 entropy=4.15
epoch 19 step 1400: loss=0.0328 img=0.0189 qa=0.0510 gram=0.0445 uniq=0.0000 langAdv=0.0000 acc_ic@1=0.999 acc_qa@1=1.000 entropy=4.15
epoch 20 step 200: loss=0.0207 img=0.0178 qa=0.0389 gram=0.0549 uniq=0.0000 langAdv=0.0000 acc_ic@1=0.999 acc_qa@1=1.000 entropy=4.15
epoch 20 step 400: loss=0.0239 img=0.0183 qa=0.0425 gram=0.0457 uniq=0.0000 langAdv=0.0000 acc_ic@1=0.999 acc_qa@1=1.000 entropy=4.15
epoch 20 step 600: loss=0.0032 img=0.0157 qa=0.0244 gram=0.0455 uniq=0.0000 langAdv=0.0000 acc_ic@1=0.999 acc_qa@1=1.000 entropy=4.15
epoch 20 step 800: loss=0.0211 img=0.0130 qa=0.0452 gram=0.0446 uniq=0.0000 langAdv=0.0000 acc_ic@1=1.000 acc_qa@1=1.000 entropy=4.15
epoch 20 step 1000: loss=0.0263 img=0.0158 qa=0.0475 gram=0.0455 uniq=0.0000 langAdv=0.0000 acc_ic@1=0.999 acc_qa@1=1.000 entropy=4.15
epoch 20 step 1200: loss=0.0254 img=0.0151 qa=0.0474 gram=0.0431 uniq=0.0000 langAdv=0.0000 acc_ic@1=0.999 acc_qa@1=1.000 entropy=4.15
epoch 20 step 1400: loss=0.0598 img=0.0215 qa=0.0754 gram=0.0440 uniq=0.0000 langAdv=0.0000 acc_ic@1=0.998 acc_qa@1=0.984 entropy=4.15
epoch 21 step 200: loss=0.0187 img=0.0206 qa=0.0347 gram=0.0476 uniq=0.0000 langAdv=0.0000 acc_ic@1=0.999 acc_qa@1=1.000 entropy=4.15
epoch 21 step 400: loss=0.0100 img=0.0175 qa=0.0293 gram=0.0459 uniq=0.0000 langAdv=0.0000 acc_ic@1=0.999 acc_qa@1=1.000 entropy=4.15
epoch 21 step 600: loss=0.0171 img=0.0153 qa=0.0384 gram=0.0483 uniq=0.0000 langAdv=0.0000 acc_ic@1=0.999 acc_qa@1=1.000 entropy=4.15
epoch 21 step 800: loss=0.0593 img=0.0192 qa=0.0771 gram=0.0446 uniq=0.0000 langAdv=0.0000 acc_ic@1=0.999 acc_qa@1=0.984 entropy=4.15
epoch 21 step 1000: loss=0.0201 img=0.0162 qa=0.0406 gram=0.0476 uniq=0.0000 langAdv=0.0000 acc_ic@1=0.999 acc_qa@1=1.000 entropy=4.15
epoch 21 step 1200: loss=0.0588 img=0.0152 qa=0.0807 gram=0.0436 uniq=0.0000 langAdv=0.0000 acc_ic@1=0.999 acc_qa@1=1.000 entropy=4.14
epoch 21 step 1400: loss=0.0238 img=0.0144 qa=0.0465 gram=0.0435 uniq=0.0000 langAdv=0.0000 acc_ic@1=0.999 acc_qa@1=1.000 entropy=4.14
epoch 22 step 200: loss=0.0221 img=0.0172 qa=0.0418 gram=0.0460 uniq=0.0000 langAdv=0.0000 acc_ic@1=0.999 acc_qa@1=1.000 entropy=4.14
epoch 22 step 400: loss=0.0701 img=0.0160 qa=0.0910 gram=0.0463 uniq=0.0000 langAdv=0.0000 acc_ic@1=0.999 acc_qa@1=0.984 entropy=4.14
epoch 22 step 600: loss=0.0106 img=0.0173 qa=0.0299 gram=0.0482 uniq=0.0000 langAdv=0.0000 acc_ic@1=0.999 acc_qa@1=1.000 entropy=4.14
epoch 22 step 800: loss=0.0199 img=0.0167 qa=0.0400 gram=0.0467 uniq=0.0000 langAdv=0.0000 acc_ic@1=1.000 acc_qa@1=1.000 entropy=4.14
epoch 22 step 1000: loss=0.0512 img=0.0160 qa=0.0727 gram=0.0389 uniq=0.0000 langAdv=0.0000 acc_ic@1=0.999 acc_qa@1=0.984 entropy=4.14
epoch 22 step 1200: loss=0.0216 img=0.0142 qa=0.0443 gram=0.0451 uniq=0.0000 langAdv=0.0000 acc_ic@1=1.000 acc_qa@1=0.984 entropy=4.14
epoch 22 step 1400: loss=0.0203 img=0.0189 qa=0.0383 gram=0.0462 uniq=0.0000 langAdv=0.0000 acc_ic@1=1.000 acc_qa@1=1.000 entropy=4.14
epoch 23 step 200: loss=0.0107 img=0.0172 qa=0.0304 gram=0.0456 uniq=0.0000 langAdv=0.0000 acc_ic@1=0.999 acc_qa@1=1.000 entropy=4.14
epoch 23 step 400: loss=0.0229 img=0.0170 qa=0.0427 gram=0.0463 uniq=0.0000 langAdv=0.0000 acc_ic@1=0.999 acc_qa@1=1.000 entropy=4.14
epoch 23 step 600: loss=0.0327 img=0.0156 qa=0.0537 gram=0.0475 uniq=0.0000 langAdv=0.0000 acc_ic@1=0.999 acc_qa@1=0.984 entropy=4.14
epoch 23 step 800: loss=0.0442 img=0.0145 qa=0.0667 gram=0.0440 uniq=0.0000 langAdv=0.0000 acc_ic@1=0.999 acc_qa@1=0.984 entropy=4.14
epoch 23 step 1000: loss=0.0071 img=0.0153 qa=0.0286 gram=0.0458 uniq=0.0000 langAdv=0.0000 acc_ic@1=0.999 acc_qa@1=1.000 entropy=4.14
epoch 23 step 1200: loss=0.0299 img=0.0151 qa=0.0511 gram=0.0513 uniq=0.0000 langAdv=0.0000 acc_ic@1=0.999 acc_qa@1=1.000 entropy=4.14
epoch 23 step 1400: loss=0.0373 img=0.0151 qa=0.0592 gram=0.0442 uniq=0.0000 langAdv=0.0000 acc_ic@1=0.999 acc_qa@1=1.000 entropy=4.14
epoch 24 step 200: loss=0.0412 img=0.0141 qa=0.0633 gram=0.0521 uniq=0.0000 langAdv=0.0000 acc_ic@1=0.999 acc_qa@1=0.984 entropy=4.14
epoch 24 step 400: loss=0.0209 img=0.0180 qa=0.0393 gram=0.0506 uniq=0.0000 langAdv=0.0000 acc_ic@1=0.999 acc_qa@1=1.000 entropy=4.14
epoch 24 step 600: loss=0.0240 img=0.0165 qa=0.0436 gram=0.0535 uniq=0.0000 langAdv=0.0000 acc_ic@1=0.999 acc_qa@1=1.000 entropy=4.14
epoch 24 step 800: loss=0.0092 img=0.0170 qa=0.0293 gram=0.0429 uniq=0.0000 langAdv=0.0000 acc_ic@1=0.999 acc_qa@1=1.000 entropy=4.14
epoch 24 step 1000: loss=0.0102 img=0.0171 qa=0.0302 gram=0.0428 uniq=0.0000 langAdv=0.0000 acc_ic@1=0.998 acc_qa@1=1.000 entropy=4.14
epoch 24 step 1200: loss=0.0354 img=0.0151 qa=0.0568 gram=0.0492 uniq=0.0000 langAdv=0.0000 acc_ic@1=0.999 acc_qa@1=1.000 entropy=4.14
epoch 24 step 1400: loss=0.0537 img=0.0172 qa=0.0731 gram=0.0481 uniq=0.0000 langAdv=0.0000 acc_ic@1=0.999 acc_qa@1=0.984 entropy=4.14
epoch 25 step 200: loss=0.0175 img=0.0165 qa=0.0375 gram=0.0495 uniq=0.0000 langAdv=0.0000 acc_ic@1=0.999 acc_qa@1=1.000 entropy=4.14
epoch 25 step 400: loss=0.0153 img=0.0149 qa=0.0368 gram=0.0503 uniq=0.0000 langAdv=0.0000 acc_ic@1=0.999 acc_qa@1=1.000 entropy=4.14
epoch 25 step 600: loss=0.0302 img=0.0143 qa=0.0532 gram=0.0409 uniq=0.0000 langAdv=0.0000 acc_ic@1=0.999 acc_qa@1=1.000 entropy=4.14
epoch 25 step 800: loss=0.0380 img=0.0221 qa=0.0525 gram=0.0496 uniq=0.0000 langAdv=0.0000 acc_ic@1=0.996 acc_qa@1=1.000 entropy=4.14
epoch 25 step 1000: loss=0.0242 img=0.0166 qa=0.0446 gram=0.0431 uniq=0.0000 langAdv=0.0000 acc_ic@1=0.999 acc_qa@1=1.000 entropy=4.14
epoch 25 step 1200: loss=0.0188 img=0.0150 qa=0.0409 gram=0.0430 uniq=0.0000 langAdv=0.0000 acc_ic@1=0.999 acc_qa@1=1.000 entropy=4.14
epoch 25 step 1400: loss=0.0342 img=0.0154 qa=0.0555 gram=0.0470 uniq=0.0000 langAdv=0.0000 acc_ic@1=0.999 acc_qa@1=1.000 entropy=4.14
epoch 26 step 200: loss=0.0127 img=0.0138 qa=0.0357 gram=0.0461 uniq=0.0000 langAdv=0.0000 acc_ic@1=0.999 acc_qa@1=1.000 entropy=4.14
epoch 26 step 400: loss=0.0250 img=0.0139 qa=0.0484 gram=0.0406 uniq=0.0000 langAdv=0.0000 acc_ic@1=0.999 acc_qa@1=1.000 entropy=4.14
epoch 26 step 600: loss=0.0333 img=0.0157 qa=0.0546 gram=0.0440 uniq=0.0000 langAdv=0.0000 acc_ic@1=0.998 acc_qa@1=0.984 entropy=4.14
epoch 26 step 800: loss=0.0133 img=0.0159 qa=0.0343 gram=0.0456 uniq=0.0000 langAdv=0.0000 acc_ic@1=0.999 acc_qa@1=1.000 entropy=4.14
epoch 26 step 1000: loss=0.0176 img=0.0177 qa=0.0370 gram=0.0433 uniq=0.0000 langAdv=0.0000 acc_ic@1=0.999 acc_qa@1=1.000 entropy=4.14
epoch 26 step 1200: loss=0.1015 img=0.0166 qa=0.1219 gram=0.0436 uniq=0.0000 langAdv=0.0000 acc_ic@1=0.999 acc_qa@1=0.984 entropy=4.14
epoch 26 step 1400: loss=0.0132 img=0.0142 qa=0.0360 gram=0.0435 uniq=0.0000 langAdv=0.0000 acc_ic@1=0.999 acc_qa@1=1.000 entropy=4.14
epoch 27 step 200: loss=0.0375 img=0.0181 qa=0.0555 gram=0.0533 uniq=0.0000 langAdv=0.0000 acc_ic@1=0.999 acc_qa@1=0.984 entropy=4.14
epoch 27 step 400: loss=0.0211 img=0.0144 qa=0.0431 gram=0.0500 uniq=0.0000 langAdv=0.0000 acc_ic@1=0.999 acc_qa@1=1.000 entropy=4.14
epoch 27 step 600: loss=0.0424 img=0.0138 qa=0.0652 gram=0.0474 uniq=0.0000 langAdv=0.0000 acc_ic@1=0.999 acc_qa@1=1.000 entropy=4.14
epoch 27 step 800: loss=0.0154 img=0.0131 qa=0.0392 gram=0.0465 uniq=0.0000 langAdv=0.0000 acc_ic@1=0.999 acc_qa@1=1.000 entropy=4.14
epoch 27 step 1000: loss=0.0178 img=0.0136 qa=0.0416 gram=0.0408 uniq=0.0000 langAdv=0.0000 acc_ic@1=0.999 acc_qa@1=1.000 entropy=4.14
epoch 27 step 1200: loss=0.0572 img=0.0155 qa=0.0785 gram=0.0468 uniq=0.0000 langAdv=0.0000 acc_ic@1=0.999 acc_qa@1=0.984 entropy=4.14
epoch 27 step 1400: loss=0.0392 img=0.0183 qa=0.0575 gram=0.0492 uniq=0.0000 langAdv=0.0000 acc_ic@1=0.999 acc_qa@1=1.000 entropy=4.14
epoch 28 step 200: loss=-0.0068 img=0.0123 qa=0.0179 gram=0.0438 uniq=0.0000 langAdv=0.0000 acc_ic@1=1.000 acc_qa@1=1.000 entropy=4.14
epoch 28 step 400: loss=0.0104 img=0.0161 qa=0.0310 gram=0.0481 uniq=0.0000 langAdv=0.0000 acc_ic@1=0.999 acc_qa@1=0.984 entropy=4.14
epoch 28 step 600: loss=-0.0059 img=0.0125 qa=0.0183 gram=0.0469 uniq=0.0000 langAdv=0.0000 acc_ic@1=1.000 acc_qa@1=1.000 entropy=4.14
epoch 28 step 800: loss=0.0228 img=0.0144 qa=0.0455 gram=0.0430 uniq=0.0000 langAdv=0.0000 acc_ic@1=0.998 acc_qa@1=1.000 entropy=4.14
epoch 28 step 1000: loss=0.0269 img=0.0149 qa=0.0487 gram=0.0474 uniq=0.0000 langAdv=0.0000 acc_ic@1=1.000 acc_qa@1=0.984 entropy=4.14
epoch 28 step 1200: loss=0.0255 img=0.0145 qa=0.0478 gram=0.0449 uniq=0.0000 langAdv=0.0000 acc_ic@1=0.999 acc_qa@1=0.984 entropy=4.14
epoch 28 step 1400: loss=0.0265 img=0.0156 qa=0.0478 gram=0.0452 uniq=0.0000 langAdv=0.0000 acc_ic@1=0.999 acc_qa@1=1.000 entropy=4.14
epoch 29 step 200: loss=0.0086 img=0.0180 qa=0.0275 gram=0.0452 uniq=0.0000 langAdv=0.0000 acc_ic@1=0.998 acc_qa@1=1.000 entropy=4.14
epoch 29 step 400: loss=0.0044 img=0.0143 qa=0.0272 gram=0.0420 uniq=0.0000 langAdv=0.0000 acc_ic@1=0.999 acc_qa@1=1.000 entropy=4.14
epoch 29 step 600: loss=0.0007 img=0.0156 qa=0.0217 gram=0.0486 uniq=0.0000 langAdv=0.0000 acc_ic@1=1.000 acc_qa@1=1.000 entropy=4.14
epoch 29 step 800: loss=0.0377 img=0.0140 qa=0.0603 gram=0.0477 uniq=0.0000 langAdv=0.0000 acc_ic@1=0.999 acc_qa@1=0.984 entropy=4.14
epoch 29 step 1000: loss=0.0102 img=0.0148 qa=0.0321 gram=0.0470 uniq=0.0000 langAdv=0.0000 acc_ic@1=1.000 acc_qa@1=1.000 entropy=4.14
epoch 29 step 1200: loss=0.0339 img=0.0169 qa=0.0541 gram=0.0427 uniq=0.0000 langAdv=0.0000 acc_ic@1=0.999 acc_qa@1=1.000 entropy=4.14
epoch 29 step 1400: loss=0.0431 img=0.0124 qa=0.0675 gram=0.0460 uniq=0.0000 langAdv=0.0000 acc_ic@1=1.000 acc_qa@1=0.984 entropy=4.14
epoch 30 step 200: loss=0.0163 img=0.0122 qa=0.0411 gram=0.0440 uniq=0.0000 langAdv=0.0000 acc_ic@1=0.999 acc_qa@1=0.984 entropy=4.14
epoch 30 step 400: loss=0.0007 img=0.0128 qa=0.0251 gram=0.0425 uniq=0.0000 langAdv=0.0000 acc_ic@1=1.000 acc_qa@1=1.000 entropy=4.14
epoch 30 step 600: loss=0.0001 img=0.0141 qa=0.0234 gram=0.0394 uniq=0.0000 langAdv=0.0000 acc_ic@1=0.999 acc_qa@1=1.000 entropy=4.14
epoch 30 step 800: loss=0.0036 img=0.0172 qa=0.0237 gram=0.0413 uniq=0.0000 langAdv=0.0000 acc_ic@1=0.998 acc_qa@1=1.000 entropy=4.14
epoch 30 step 1000: loss=0.0205 img=0.0140 qa=0.0439 gram=0.0402 uniq=0.0000 langAdv=0.0000 acc_ic@1=0.999 acc_qa@1=1.000 entropy=4.14
epoch 30 step 1200: loss=0.0002 img=0.0117 qa=0.0255 gram=0.0439 uniq=0.0000 langAdv=0.0000 acc_ic@1=1.000 acc_qa@1=1.000 entropy=4.14
epoch 30 step 1400: loss=0.0173 img=0.0156 qa=0.0390 gram=0.0416 uniq=0.0000 langAdv=0.0000 acc_ic@1=0.999 acc_qa@1=1.000 entropy=4.14
epoch 31 step 200: loss=-0.0036 img=0.0142 qa=0.0188 gram=0.0470 uniq=0.0000 langAdv=0.0000 acc_ic@1=0.999 acc_qa@1=1.000 entropy=4.14
epoch 31 step 400: loss=-0.0046 img=0.0110 qa=0.0211 gram=0.0475 uniq=0.0000 langAdv=0.0000 acc_ic@1=1.000 acc_qa@1=1.000 entropy=4.14
epoch 31 step 600: loss=0.0222 img=0.0175 qa=0.0414 gram=0.0465 uniq=0.0000 langAdv=0.0000 acc_ic@1=0.999 acc_qa@1=1.000 entropy=4.14
epoch 31 step 800: loss=0.0363 img=0.0142 qa=0.0591 gram=0.0434 uniq=0.0000 langAdv=0.0000 acc_ic@1=0.999 acc_qa@1=1.000 entropy=4.14
epoch 31 step 1000: loss=0.0671 img=0.0139 qa=0.0904 gram=0.0424 uniq=0.0000 langAdv=0.0000 acc_ic@1=0.999 acc_qa@1=0.984 entropy=4.14
epoch 31 step 1200: loss=0.0076 img=0.0160 qa=0.0277 gram=0.0521 uniq=0.0000 langAdv=0.0000 acc_ic@1=0.999 acc_qa@1=1.000 entropy=4.14
epoch 31 step 1400: loss=-0.0009 img=0.0120 qa=0.0247 gram=0.0384 uniq=0.0000 langAdv=0.0000 acc_ic@1=1.000 acc_qa@1=1.000 entropy=4.14
epoch 32 step 200: loss=0.0048 img=0.0149 qa=0.0268 gram=0.0445 uniq=0.0000 langAdv=0.0000 acc_ic@1=0.999 acc_qa@1=1.000 entropy=4.14
epoch 32 step 400: loss=-0.0044 img=0.0153 qa=0.0176 gram=0.0409 uniq=0.0000 langAdv=0.0000 acc_ic@1=0.999 acc_qa@1=1.000 entropy=4.14
epoch 32 step 600: loss=0.0064 img=0.0146 qa=0.0283 gram=0.0492 uniq=0.0000 langAdv=0.0000 acc_ic@1=0.999 acc_qa@1=1.000 entropy=4.14
epoch 32 step 800: loss=0.0133 img=0.0130 qa=0.0371 gram=0.0459 uniq=0.0000 langAdv=0.0000 acc_ic@1=0.999 acc_qa@1=1.000 entropy=4.14
epoch 32 step 1000: loss=0.0020 img=0.0127 qa=0.0265 gram=0.0419 uniq=0.0000 langAdv=0.0000 acc_ic@1=0.999 acc_qa@1=1.000 entropy=4.14
epoch 32 step 1200: loss=0.0070 img=0.0160 qa=0.0280 gram=0.0433 uniq=0.0000 langAdv=0.0000 acc_ic@1=0.999 acc_qa@1=1.000 entropy=4.14
epoch 32 step 1400: loss=0.0274 img=0.0150 qa=0.0491 gram=0.0458 uniq=0.0000 langAdv=0.0000 acc_ic@1=0.999 acc_qa@1=1.000 entropy=4.14
epoch 33 step 200: loss=0.0149 img=0.0140 qa=0.0372 gram=0.0506 uniq=0.0000 langAdv=0.0000 acc_ic@1=0.999 acc_qa@1=1.000 entropy=4.14
epoch 33 step 400: loss=0.0355 img=0.0134 qa=0.0585 gram=0.0497 uniq=0.0000 langAdv=0.0000 acc_ic@1=1.000 acc_qa@1=0.984 entropy=4.14
epoch 33 step 600: loss=-0.0047 img=0.0146 qa=0.0179 gram=0.0416 uniq=0.0000 langAdv=0.0000 acc_ic@1=0.999 acc_qa@1=1.000 entropy=4.14
epoch 33 step 800: loss=0.0580 img=0.0140 qa=0.0812 gram=0.0410 uniq=0.0000 langAdv=0.0000 acc_ic@1=0.999 acc_qa@1=0.984 entropy=4.14
epoch 33 step 1000: loss=0.0103 img=0.0117 qa=0.0356 gram=0.0437 uniq=0.0000 langAdv=0.0000 acc_ic@1=1.000 acc_qa@1=1.000 entropy=4.14
epoch 33 step 1200: loss=0.0022 img=0.0159 qa=0.0225 gram=0.0513 uniq=0.0000 langAdv=0.0000 acc_ic@1=0.998 acc_qa@1=1.000 entropy=4.14
epoch 33 step 1400: loss=0.0280 img=0.0141 qa=0.0510 gram=0.0429 uniq=0.0000 langAdv=0.0000 acc_ic@1=0.999 acc_qa@1=1.000 entropy=4.14
epoch 34 step 200: loss=0.0056 img=0.0157 qa=0.0272 gram=0.0403 uniq=0.0000 langAdv=0.0000 acc_ic@1=0.999 acc_qa@1=1.000 entropy=4.14
epoch 34 step 400: loss=0.0118 img=0.0122 qa=0.0365 gram=0.0447 uniq=0.0000 langAdv=0.0000 acc_ic@1=1.000 acc_qa@1=0.984 entropy=4.14
epoch 34 step 600: loss=0.0169 img=0.0113 qa=0.0432 gram=0.0381 uniq=0.0000 langAdv=0.0000 acc_ic@1=0.999 acc_qa@1=1.000 entropy=4.14
epoch 34 step 800: loss=0.0195 img=0.0121 qa=0.0449 gram=0.0387 uniq=0.0000 langAdv=0.0000 acc_ic@1=0.999 acc_qa@1=1.000 entropy=4.14
epoch 34 step 1000: loss=0.0120 img=0.0108 qa=0.0369 gram=0.0569 uniq=0.0000 langAdv=0.0000 acc_ic@1=0.999 acc_qa@1=1.000 entropy=4.14
epoch 34 step 1200: loss=0.0482 img=0.0181 qa=0.0667 gram=0.0474 uniq=0.0000 langAdv=0.0000 acc_ic@1=0.999 acc_qa@1=0.984 entropy=4.14
epoch 34 step 1400: loss=0.0089 img=0.0117 qa=0.0345 gram=0.0406 uniq=0.0000 langAdv=0.0000 acc_ic@1=0.999 acc_qa@1=1.000 entropy=4.14
epoch 35 step 200: loss=0.0249 img=0.0162 qa=0.0452 gram=0.0484 uniq=0.0000 langAdv=0.0000 acc_ic@1=0.999 acc_qa@1=0.984 entropy=4.14
epoch 35 step 400: loss=0.0035 img=0.0129 qa=0.0273 gram=0.0461 uniq=0.0000 langAdv=0.0000 acc_ic@1=1.000 acc_qa@1=1.000 entropy=4.14
epoch 35 step 600: loss=-0.0023 img=0.0156 qa=0.0192 gram=0.0419 uniq=0.0000 langAdv=0.0000 acc_ic@1=0.999 acc_qa@1=1.000 entropy=4.14
epoch 35 step 800: loss=0.0202 img=0.0113 qa=0.0461 gram=0.0414 uniq=0.0000 langAdv=0.0000 acc_ic@1=0.999 acc_qa@1=1.000 entropy=4.14
epoch 35 step 1000: loss=0.0099 img=0.0125 qa=0.0342 gram=0.0445 uniq=0.0000 langAdv=0.0000 acc_ic@1=0.999 acc_qa@1=1.000 entropy=4.14
epoch 35 step 1200: loss=0.0358 img=0.0103 qa=0.0630 gram=0.0387 uniq=0.0000 langAdv=0.0000 acc_ic@1=1.000 acc_qa@1=0.984 entropy=4.14
epoch 35 step 1400: loss=0.0229 img=0.0100 qa=0.0494 gram=0.0480 uniq=0.0000 langAdv=0.0000 acc_ic@1=1.000 acc_qa@1=1.000 entropy=4.14
epoch 36 step 200: loss=0.0062 img=0.0146 qa=0.0281 gram=0.0492 uniq=0.0000 langAdv=0.0000 acc_ic@1=0.999 acc_qa@1=1.000 entropy=4.14
epoch 36 step 400: loss=0.0027 img=0.0144 qa=0.0261 gram=0.0360 uniq=0.0000 langAdv=0.0000 acc_ic@1=0.999 acc_qa@1=1.000 entropy=4.14
epoch 36 step 600: loss=0.0190 img=0.0162 qa=0.0394 gram=0.0469 uniq=0.0000 langAdv=0.0000 acc_ic@1=0.999 acc_qa@1=1.000 entropy=4.14
epoch 36 step 800: loss=0.0279 img=0.0148 qa=0.0500 gram=0.0446 uniq=0.0000 langAdv=0.0000 acc_ic@1=0.999 acc_qa@1=0.984 entropy=4.14
epoch 36 step 1000: loss=0.0071 img=0.0152 qa=0.0291 gram=0.0404 uniq=0.0000 langAdv=0.0000 acc_ic@1=0.999 acc_qa@1=1.000 entropy=4.14
epoch 36 step 1200: loss=0.0246 img=0.0128 qa=0.0494 gram=0.0375 uniq=0.0000 langAdv=0.0000 acc_ic@1=1.000 acc_qa@1=1.000 entropy=4.14
epoch 36 step 1400: loss=0.0362 img=0.0140 qa=0.0595 gram=0.0400 uniq=0.0000 langAdv=0.0000 acc_ic@1=0.999 acc_qa@1=1.000 entropy=4.14
epoch 37 step 200: loss=0.0054 img=0.0125 qa=0.0299 gram=0.0435 uniq=0.0000 langAdv=0.0000 acc_ic@1=0.999 acc_qa@1=1.000 entropy=4.14
epoch 37 step 400: loss=0.0009 img=0.0137 qa=0.0246 gram=0.0395 uniq=0.0000 langAdv=0.0000 acc_ic@1=0.999 acc_qa@1=1.000 entropy=4.14
epoch 37 step 600: loss=0.0367 img=0.0117 qa=0.0622 gram=0.0413 uniq=0.0000 langAdv=0.0000 acc_ic@1=0.999 acc_qa@1=0.969 entropy=4.14
epoch 37 step 800: loss=0.0320 img=0.0115 qa=0.0573 gram=0.0458 uniq=0.0000 langAdv=0.0000 acc_ic@1=1.000 acc_qa@1=0.984 entropy=4.14
epoch 37 step 1000: loss=0.0208 img=0.0127 qa=0.0444 gram=0.0504 uniq=0.0000 langAdv=0.0000 acc_ic@1=0.999 acc_qa@1=1.000 entropy=4.13
epoch 37 step 1200: loss=0.0030 img=0.0142 qa=0.0263 gram=0.0385 uniq=0.0000 langAdv=0.0000 acc_ic@1=0.999 acc_qa@1=1.000 entropy=4.13
epoch 37 step 1400: loss=0.0120 img=0.0152 qa=0.0337 gram=0.0446 uniq=0.0000 langAdv=0.0000 acc_ic@1=1.000 acc_qa@1=1.000 entropy=4.13
epoch 38 step 200: loss=-0.0067 img=0.0141 qa=0.0161 gram=0.0443 uniq=0.0000 langAdv=0.0000 acc_ic@1=0.999 acc_qa@1=1.000 entropy=4.13
epoch 38 step 400: loss=0.0098 img=0.0157 qa=0.0310 gram=0.0446 uniq=0.0000 langAdv=0.0000 acc_ic@1=0.999 acc_qa@1=1.000 entropy=4.13
epoch 38 step 600: loss=0.0207 img=0.0101 qa=0.0475 gram=0.0439 uniq=0.0000 langAdv=0.0000 acc_ic@1=1.000 acc_qa@1=1.000 entropy=4.13
epoch 38 step 800: loss=0.0040 img=0.0135 qa=0.0274 gram=0.0445 uniq=0.0000 langAdv=0.0000 acc_ic@1=0.999 acc_qa@1=1.000 entropy=4.13
epoch 38 step 1000: loss=0.0187 img=0.0160 qa=0.0396 gram=0.0444 uniq=0.0000 langAdv=0.0000 acc_ic@1=0.998 acc_qa@1=1.000 entropy=4.13
epoch 38 step 1200: loss=0.0056 img=0.0129 qa=0.0299 gram=0.0421 uniq=0.0000 langAdv=0.0000 acc_ic@1=0.999 acc_qa@1=1.000 entropy=4.13
epoch 38 step 1400: loss=-0.0055 img=0.0136 qa=0.0181 gram=0.0415 uniq=0.0000 langAdv=0.0000 acc_ic@1=0.999 acc_qa@1=1.000 entropy=4.13
epoch 39 step 200: loss=0.0089 img=0.0149 qa=0.0309 gram=0.0451 uniq=0.0000 langAdv=0.0000 acc_ic@1=0.999 acc_qa@1=1.000 entropy=4.13
epoch 39 step 400: loss=-0.0010 img=0.0156 qa=0.0202 gram=0.0459 uniq=0.0000 langAdv=0.0000 acc_ic@1=0.998 acc_qa@1=1.000 entropy=4.13
epoch 39 step 600: loss=0.0031 img=0.0154 qa=0.0244 gram=0.0471 uniq=0.0000 langAdv=0.0000 acc_ic@1=0.999 acc_qa@1=1.000 entropy=4.13
epoch 39 step 800: loss=0.0004 img=0.0148 qa=0.0224 gram=0.0452 uniq=0.0000 langAdv=0.0000 acc_ic@1=0.998 acc_qa@1=1.000 entropy=4.13
epoch 39 step 1000: loss=0.0258 img=0.0130 qa=0.0498 gram=0.0432 uniq=0.0000 langAdv=0.0000 acc_ic@1=0.999 acc_qa@1=0.984 entropy=4.13
epoch 39 step 1200: loss=0.0018 img=0.0139 qa=0.0250 gram=0.0421 uniq=0.0000 langAdv=0.0000 acc_ic@1=0.999 acc_qa@1=1.000 entropy=4.13
epoch 39 step 1400: loss=0.0167 img=0.0118 qa=0.0422 gram=0.0394 uniq=0.0000 langAdv=0.0000 acc_ic@1=0.999 acc_qa@1=1.000 entropy=4.13
epoch 40 step 200: loss=0.0385 img=0.0164 qa=0.0593 gram=0.0415 uniq=0.0000 langAdv=0.0000 acc_ic@1=0.998 acc_qa@1=0.984 entropy=4.13
epoch 40 step 400: loss=-0.0072 img=0.0133 qa=0.0168 gram=0.0403 uniq=0.0000 langAdv=0.0000 acc_ic@1=0.999 acc_qa@1=1.000 entropy=4.13
epoch 40 step 600: loss=0.0041 img=0.0126 qa=0.0281 gram=0.0468 uniq=0.0000 langAdv=0.0000 acc_ic@1=0.999 acc_qa@1=1.000 entropy=4.13
epoch 40 step 800: loss=0.0180 img=0.0150 qa=0.0402 gram=0.0408 uniq=0.0000 langAdv=0.0000 acc_ic@1=0.999 acc_qa@1=1.000 entropy=4.13
epoch 40 step 1000: loss=0.0285 img=0.0131 qa=0.0519 gram=0.0485 uniq=0.0000 langAdv=0.0000 acc_ic@1=0.999 acc_qa@1=0.984 entropy=4.13
epoch 40 step 1200: loss=0.0194 img=0.0141 qa=0.0422 gram=0.0447 uniq=0.0000 langAdv=0.0000 acc_ic@1=0.999 acc_qa@1=1.000 entropy=4.13
epoch 40 step 1400: loss=0.0431 img=0.0114 qa=0.0689 gram=0.0411 uniq=0.0000 langAdv=0.0000 acc_ic@1=0.999 acc_qa@1=1.000 entropy=4.13
epoch 41 step 200: loss=-0.0022 img=0.0129 qa=0.0219 gram=0.0430 uniq=0.0000 langAdv=0.0000 acc_ic@1=0.999 acc_qa@1=1.000 entropy=4.13
epoch 41 step 400: loss=-0.0066 img=0.0141 qa=0.0161 gram=0.0451 uniq=0.0000 langAdv=0.0000 acc_ic@1=0.999 acc_qa@1=1.000 entropy=4.13
epoch 41 step 600: loss=0.0214 img=0.0128 qa=0.0460 gram=0.0387 uniq=0.0000 langAdv=0.0000 acc_ic@1=0.999 acc_qa@1=1.000 entropy=4.13
epoch 41 step 800: loss=0.0019 img=0.0144 qa=0.0246 gram=0.0428 uniq=0.0000 langAdv=0.0000 acc_ic@1=0.999 acc_qa@1=1.000 entropy=4.13
epoch 41 step 1000: loss=0.0094 img=0.0118 qa=0.0352 gram=0.0382 uniq=0.0000 langAdv=0.0000 acc_ic@1=0.999 acc_qa@1=1.000 entropy=4.13
epoch 41 step 1200: loss=0.0110 img=0.0150 qa=0.0338 gram=0.0359 uniq=0.0000 langAdv=0.0000 acc_ic@1=0.999 acc_qa@1=1.000 entropy=4.13
epoch 41 step 1400: loss=0.0240 img=0.0137 qa=0.0469 gram=0.0470 uniq=0.0000 langAdv=0.0000 acc_ic@1=0.999 acc_qa@1=1.000 entropy=4.13
epoch 42 step 200: loss=0.0240 img=0.0122 qa=0.0494 gram=0.0379 uniq=0.0000 langAdv=0.0000 acc_ic@1=0.999 acc_qa@1=0.984 entropy=4.13
epoch 42 step 400: loss=0.0162 img=0.0140 qa=0.0397 gram=0.0392 uniq=0.0000 langAdv=0.0000 acc_ic@1=1.000 acc_qa@1=1.000 entropy=4.13
epoch 42 step 600: loss=-0.0037 img=0.0133 qa=0.0205 gram=0.0385 uniq=0.0000 langAdv=0.0000 acc_ic@1=0.999 acc_qa@1=1.000 entropy=4.13
epoch 42 step 800: loss=0.0274 img=0.0154 qa=0.0493 gram=0.0396 uniq=0.0000 langAdv=0.0000 acc_ic@1=1.000 acc_qa@1=0.984 entropy=4.13
epoch 42 step 1000: loss=0.0049 img=0.0130 qa=0.0291 gram=0.0408 uniq=0.0000 langAdv=0.0000 acc_ic@1=0.999 acc_qa@1=1.000 entropy=4.13
epoch 42 step 1200: loss=0.0130 img=0.0149 qa=0.0351 gram=0.0437 uniq=0.0000 langAdv=0.0000 acc_ic@1=0.999 acc_qa@1=0.984 entropy=4.13
epoch 42 step 1400: loss=0.0395 img=0.0124 qa=0.0642 gram=0.0421 uniq=0.0000 langAdv=0.0000 acc_ic@1=0.999 acc_qa@1=0.984 entropy=4.13
epoch 43 step 200: loss=0.0146 img=0.0134 qa=0.0382 gram=0.0427 uniq=0.0000 langAdv=0.0000 acc_ic@1=0.999 acc_qa@1=0.984 entropy=4.13
epoch 43 step 400: loss=0.0091 img=0.0105 qa=0.0356 gram=0.0430 uniq=0.0000 langAdv=0.0000 acc_ic@1=1.000 acc_qa@1=1.000 entropy=4.13
epoch 43 step 600: loss=0.0053 img=0.0125 qa=0.0292 gram=0.0486 uniq=0.0000 langAdv=0.0000 acc_ic@1=0.999 acc_qa@1=1.000 entropy=4.13
epoch 43 step 800: loss=0.0009 img=0.0108 qa=0.0274 gram=0.0412 uniq=0.0000 langAdv=0.0000 acc_ic@1=0.999 acc_qa@1=1.000 entropy=4.13
epoch 43 step 1000: loss=0.0028 img=0.0124 qa=0.0276 gram=0.0418 uniq=0.0000 langAdv=0.0000 acc_ic@1=0.999 acc_qa@1=1.000 entropy=4.13
epoch 43 step 1200: loss=0.0212 img=0.0096 qa=0.0487 gram=0.0428 uniq=0.0000 langAdv=0.0000 acc_ic@1=1.000 acc_qa@1=1.000 entropy=4.13
epoch 43 step 1400: loss=0.0075 img=0.0138 qa=0.0305 gram=0.0464 uniq=0.0000 langAdv=0.0000 acc_ic@1=0.999 acc_qa@1=1.000 entropy=4.13
epoch 44 step 200: loss=-0.0036 img=0.0098 qa=0.0238 gram=0.0409 uniq=0.0000 langAdv=0.0000 acc_ic@1=1.000 acc_qa@1=1.000 entropy=4.13
epoch 44 step 400: loss=0.0245 img=0.0134 qa=0.0481 gram=0.0429 uniq=0.0000 langAdv=0.0000 acc_ic@1=0.999 acc_qa@1=0.984 entropy=4.13
epoch 44 step 600: loss=-0.0069 img=0.0104 qa=0.0201 gram=0.0389 uniq=0.0000 langAdv=0.0000 acc_ic@1=1.000 acc_qa@1=1.000 entropy=4.13
epoch 44 step 800: loss=0.0171 img=0.0111 qa=0.0427 gram=0.0456 uniq=0.0000 langAdv=0.0000 acc_ic@1=1.000 acc_qa@1=1.000 entropy=4.13
epoch 44 step 1000: loss=0.0223 img=0.0133 qa=0.0461 gram=0.0416 uniq=0.0000 langAdv=0.0000 acc_ic@1=0.999 acc_qa@1=1.000 entropy=4.13
epoch 44 step 1200: loss=0.0054 img=0.0113 qa=0.0311 gram=0.0432 uniq=0.0000 langAdv=0.0000 acc_ic@1=0.999 acc_qa@1=1.000 entropy=4.13
epoch 44 step 1400: loss=0.0510 img=0.0122 qa=0.0760 gram=0.0417 uniq=0.0000 langAdv=0.0000 acc_ic@1=0.999 acc_qa@1=0.969 entropy=4.13
epoch 45 step 200: loss=0.0011 img=0.0129 qa=0.0253 gram=0.0412 uniq=0.0000 langAdv=0.0000 acc_ic@1=0.999 acc_qa@1=1.000 entropy=4.13
epoch 45 step 400: loss=-0.0004 img=0.0142 qa=0.0230 gram=0.0372 uniq=0.0000 langAdv=0.0000 acc_ic@1=1.000 acc_qa@1=1.000 entropy=4.13
epoch 45 step 600: loss=0.0110 img=0.0125 qa=0.0354 gram=0.0441 uniq=0.0000 langAdv=0.0000 acc_ic@1=0.999 acc_qa@1=0.984 entropy=4.13
epoch 45 step 800: loss=0.0161 img=0.0133 qa=0.0386 gram=0.0552 uniq=0.0000 langAdv=0.0000 acc_ic@1=0.999 acc_qa@1=0.984 entropy=4.13
epoch 45 step 1000: loss=0.0070 img=0.0121 qa=0.0319 gram=0.0431 uniq=0.0000 langAdv=0.0000 acc_ic@1=0.999 acc_qa@1=1.000 entropy=4.13
epoch 45 step 1200: loss=0.0289 img=0.0144 qa=0.0507 gram=0.0512 uniq=0.0000 langAdv=0.0000 acc_ic@1=0.999 acc_qa@1=0.984 entropy=4.13
epoch 45 step 1400: loss=0.0018 img=0.0120 qa=0.0265 gram=0.0467 uniq=0.0000 langAdv=0.0000 acc_ic@1=1.000 acc_qa@1=1.000 entropy=4.13
epoch 46 step 200: loss=0.0067 img=0.0145 qa=0.0283 gram=0.0523 uniq=0.0000 langAdv=0.0000 acc_ic@1=0.998 acc_qa@1=1.000 entropy=4.13
epoch 46 step 400: loss=0.0234 img=0.0143 qa=0.0464 gram=0.0402 uniq=0.0000 langAdv=0.0000 acc_ic@1=0.998 acc_qa@1=1.000 entropy=4.13
epoch 46 step 600: loss=0.0078 img=0.0132 qa=0.0310 gram=0.0500 uniq=0.0000 langAdv=0.0000 acc_ic@1=0.999 acc_qa@1=1.000 entropy=4.13
epoch 46 step 800: loss=0.0010 img=0.0148 qa=0.0232 gram=0.0433 uniq=0.0000 langAdv=0.0000 acc_ic@1=0.999 acc_qa@1=1.000 entropy=4.13
epoch 46 step 1000: loss=0.0185 img=0.0142 qa=0.0418 gram=0.0390 uniq=0.0000 langAdv=0.0000 acc_ic@1=0.999 acc_qa@1=1.000 entropy=4.13
epoch 46 step 1200: loss=0.0192 img=0.0144 qa=0.0421 gram=0.0408 uniq=0.0000 langAdv=0.0000 acc_ic@1=0.999 acc_qa@1=1.000 entropy=4.13
epoch 46 step 1400: loss=0.0087 img=0.0133 qa=0.0327 gram=0.0404 uniq=0.0000 langAdv=0.0000 acc_ic@1=0.999 acc_qa@1=1.000 entropy=4.13
epoch 47 step 200: loss=0.0118 img=0.0145 qa=0.0339 gram=0.0477 uniq=0.0000 langAdv=0.0000 acc_ic@1=0.999 acc_qa@1=1.000 entropy=4.13
epoch 47 step 400: loss=0.0040 img=0.0146 qa=0.0265 gram=0.0422 uniq=0.0000 langAdv=0.0000 acc_ic@1=0.999 acc_qa@1=1.000 entropy=4.13
epoch 47 step 600: loss=0.0088 img=0.0118 qa=0.0341 gram=0.0418 uniq=0.0000 langAdv=0.0000 acc_ic@1=0.999 acc_qa@1=1.000 entropy=4.13
epoch 47 step 800: loss=0.0173 img=0.0126 qa=0.0411 gram=0.0480 uniq=0.0000 langAdv=0.0000 acc_ic@1=0.999 acc_qa@1=1.000 entropy=4.13
epoch 47 step 1000: loss=0.0067 img=0.0116 qa=0.0316 gram=0.0476 uniq=0.0000 langAdv=0.0000 acc_ic@1=0.999 acc_qa@1=1.000 entropy=4.13
epoch 47 step 1200: loss=0.0041 img=0.0119 qa=0.0293 gram=0.0417 uniq=0.0000 langAdv=0.0000 acc_ic@1=0.999 acc_qa@1=1.000 entropy=4.13
epoch 47 step 1400: loss=0.0173 img=0.0140 qa=0.0405 gram=0.0410 uniq=0.0000 langAdv=0.0000 acc_ic@1=0.999 acc_qa@1=1.000 entropy=4.13
epoch 48 step 200: loss=-0.0046 img=0.0140 qa=0.0188 gram=0.0396 uniq=0.0000 langAdv=0.0000 acc_ic@1=0.999 acc_qa@1=1.000 entropy=4.13
epoch 48 step 400: loss=0.0130 img=0.0112 qa=0.0391 gram=0.0398 uniq=0.0000 langAdv=0.0000 acc_ic@1=0.999 acc_qa@1=0.984 entropy=4.13
epoch 48 step 600: loss=-0.0010 img=0.0132 qa=0.0232 gram=0.0402 uniq=0.0000 langAdv=0.0000 acc_ic@1=0.999 acc_qa@1=1.000 entropy=4.13
epoch 48 step 800: loss=0.0096 img=0.0132 qa=0.0338 gram=0.0378 uniq=0.0000 langAdv=0.0000 acc_ic@1=0.999 acc_qa@1=1.000 entropy=4.13
epoch 48 step 1000: loss=0.0107 img=0.0118 qa=0.0358 gram=0.0434 uniq=0.0000 langAdv=0.0000 acc_ic@1=0.999 acc_qa@1=1.000 entropy=4.13
epoch 48 step 1200: loss=-0.0028 img=0.0111 qa=0.0231 gram=0.0428 uniq=0.0000 langAdv=0.0000 acc_ic@1=1.000 acc_qa@1=1.000 entropy=4.13
epoch 48 step 1400: loss=0.0362 img=0.0142 qa=0.0589 gram=0.0443 uniq=0.0000 langAdv=0.0000 acc_ic@1=0.999 acc_qa@1=1.000 entropy=4.13
epoch 49 step 200: loss=0.0048 img=0.0130 qa=0.0292 gram=0.0394 uniq=0.0000 langAdv=0.0000 acc_ic@1=0.998 acc_qa@1=1.000 entropy=4.13
epoch 49 step 400: loss=-0.0044 img=0.0170 qa=0.0151 gram=0.0472 uniq=0.0000 langAdv=0.0000 acc_ic@1=0.999 acc_qa@1=1.000 entropy=4.13
epoch 49 step 600: loss=-0.0014 img=0.0110 qa=0.0240 gram=0.0494 uniq=0.0000 langAdv=0.0000 acc_ic@1=0.999 acc_qa@1=1.000 entropy=4.13
epoch 49 step 800: loss=0.0112 img=0.0150 qa=0.0331 gram=0.0436 uniq=0.0000 langAdv=0.0000 acc_ic@1=0.999 acc_qa@1=1.000 entropy=4.13
epoch 49 step 1000: loss=0.0087 img=0.0137 qa=0.0319 gram=0.0438 uniq=0.0000 langAdv=0.0000 acc_ic@1=0.999 acc_qa@1=1.000 entropy=4.13
epoch 49 step 1200: loss=0.0375 img=0.0103 qa=0.0637 gram=0.0475 uniq=0.0000 langAdv=0.0000 acc_ic@1=1.000 acc_qa@1=0.969 entropy=4.13
epoch 49 step 1400: loss=0.0092 img=0.0120 qa=0.0348 gram=0.0372 uniq=0.0000 langAdv=0.0000 acc_ic@1=0.999 acc_qa@1=1.000 entropy=4.13
epoch 50 step 200: loss=0.0062 img=0.0132 qa=0.0297 gram=0.0460 uniq=0.0000 langAdv=0.0000 acc_ic@1=0.999 acc_qa@1=1.000 entropy=4.13
epoch 50 step 400: loss=0.0014 img=0.0120 qa=0.0263 gram=0.0436 uniq=0.0000 langAdv=0.0000 acc_ic@1=0.999 acc_qa@1=1.000 entropy=4.13
epoch 50 step 600: loss=0.0453 img=0.0147 qa=0.0676 gram=0.0432 uniq=0.0000 langAdv=0.0000 acc_ic@1=0.999 acc_qa@1=0.969 entropy=4.13
epoch 50 step 800: loss=0.0359 img=0.0104 qa=0.0617 gram=0.0507 uniq=0.0000 langAdv=0.0000 acc_ic@1=0.999 acc_qa@1=0.984 entropy=4.13
epoch 50 step 1000: loss=-0.0023 img=0.0121 qa=0.0232 gram=0.0382 uniq=0.0000 langAdv=0.0000 acc_ic@1=0.999 acc_qa@1=1.000 entropy=4.13
epoch 50 step 1200: loss=0.0032 img=0.0135 qa=0.0265 gram=0.0441 uniq=0.0000 langAdv=0.0000 acc_ic@1=0.999 acc_qa@1=1.000 entropy=4.13
epoch 50 step 1400: loss=0.0174 img=0.0111 qa=0.0427 gram=0.0484 uniq=0.0000 langAdv=0.0000 acc_ic@1=1.000 acc_qa@1=1.000 entropy=4.13
epoch 51 step 200: loss=-0.0045 img=0.0113 qa=0.0202 gram=0.0529 uniq=0.0000 langAdv=0.0000 acc_ic@1=0.999 acc_qa@1=1.000 entropy=4.13
epoch 51 step 400: loss=0.0391 img=0.0120 qa=0.0641 gram=0.0433 uniq=0.0000 langAdv=0.0000 acc_ic@1=0.999 acc_qa@1=0.984 entropy=4.13
epoch 51 step 600: loss=0.0064 img=0.0103 qa=0.0324 gram=0.0500 uniq=0.0000 langAdv=0.0000 acc_ic@1=0.999 acc_qa@1=1.000 entropy=4.13
epoch 51 step 800: loss=0.0129 img=0.0147 qa=0.0355 gram=0.0396 uniq=0.0000 langAdv=0.0000 acc_ic@1=0.998 acc_qa@1=1.000 entropy=4.13
epoch 51 step 1000: loss=0.0369 img=0.0151 qa=0.0587 gram=0.0434 uniq=0.0000 langAdv=0.0000 acc_ic@1=0.998 acc_qa@1=0.984 entropy=4.13
epoch 51 step 1200: loss=0.0108 img=0.0134 qa=0.0344 gram=0.0424 uniq=0.0000 langAdv=0.0000 acc_ic@1=0.999 acc_qa@1=1.000 entropy=4.13
epoch 51 step 1400: loss=0.0659 img=0.0143 qa=0.0890 gram=0.0387 uniq=0.0000 langAdv=0.0000 acc_ic@1=1.000 acc_qa@1=0.984 entropy=4.13
epoch 52 step 200: loss=0.0153 img=0.0120 qa=0.0411 gram=0.0343 uniq=0.0000 langAdv=0.0000 acc_ic@1=0.999 acc_qa@1=0.984 entropy=4.13
epoch 52 step 400: loss=-0.0024 img=0.0120 qa=0.0220 gram=0.0484 uniq=0.0000 langAdv=0.0000 acc_ic@1=0.999 acc_qa@1=1.000 entropy=4.13
epoch 52 step 600: loss=0.0096 img=0.0120 qa=0.0347 gram=0.0415 uniq=0.0000 langAdv=0.0000 acc_ic@1=0.999 acc_qa@1=1.000 entropy=4.13
epoch 52 step 800: loss=0.0136 img=0.0131 qa=0.0379 gram=0.0390 uniq=0.0000 langAdv=0.0000 acc_ic@1=0.999 acc_qa@1=1.000 entropy=4.13
epoch 52 step 1000: loss=0.0065 img=0.0121 qa=0.0314 gram=0.0434 uniq=0.0000 langAdv=0.0000 acc_ic@1=0.999 acc_qa@1=1.000 entropy=4.13
epoch 52 step 1200: loss=0.0157 img=0.0106 qa=0.0424 gram=0.0401 uniq=0.0000 langAdv=0.0000 acc_ic@1=0.999 acc_qa@1=1.000 entropy=4.13
epoch 52 step 1400: loss=0.0147 img=0.0197 qa=0.0319 gram=0.0438 uniq=0.0000 langAdv=0.0000 acc_ic@1=0.997 acc_qa@1=1.000 entropy=4.13
epoch 53 step 200: loss=-0.0052 img=0.0127 qa=0.0184 gram=0.0497 uniq=0.0000 langAdv=0.0000 acc_ic@1=0.999 acc_qa@1=1.000 entropy=4.13
epoch 53 step 400: loss=0.0035 img=0.0123 qa=0.0287 gram=0.0376 uniq=0.0000 langAdv=0.0000 acc_ic@1=0.999 acc_qa@1=1.000 entropy=4.13
epoch 53 step 600: loss=-0.0030 img=0.0096 qa=0.0247 gram=0.0395 uniq=0.0000 langAdv=0.0000 acc_ic@1=1.000 acc_qa@1=1.000 entropy=4.13
epoch 53 step 800: loss=0.0139 img=0.0122 qa=0.0386 gram=0.0434 uniq=0.0000 langAdv=0.0000 acc_ic@1=0.999 acc_qa@1=0.984 entropy=4.13
epoch 53 step 1000: loss=0.0209 img=0.0137 qa=0.0441 gram=0.0442 uniq=0.0000 langAdv=0.0000 acc_ic@1=0.999 acc_qa@1=1.000 entropy=4.13
epoch 53 step 1200: loss=0.0115 img=0.0144 qa=0.0338 gram=0.0460 uniq=0.0000 langAdv=0.0000 acc_ic@1=0.999 acc_qa@1=1.000 entropy=4.13
epoch 53 step 1400: loss=0.0028 img=0.0127 qa=0.0275 gram=0.0392 uniq=0.0000 langAdv=0.0000 acc_ic@1=0.999 acc_qa@1=1.000 entropy=4.13
epoch 54 step 200: loss=0.0083 img=0.0123 qa=0.0326 gram=0.0465 uniq=0.0000 langAdv=0.0000 acc_ic@1=0.999 acc_qa@1=1.000 entropy=4.13
epoch 54 step 400: loss=-0.0000 img=0.0123 qa=0.0249 gram=0.0411 uniq=0.0000 langAdv=0.0000 acc_ic@1=1.000 acc_qa@1=1.000 entropy=4.13
epoch 54 step 600: loss=0.0008 img=0.0133 qa=0.0244 gram=0.0436 uniq=0.0000 langAdv=0.0000 acc_ic@1=0.999 acc_qa@1=1.000 entropy=4.13
epoch 54 step 800: loss=-0.0092 img=0.0116 qa=0.0164 gram=0.0413 uniq=0.0000 langAdv=0.0000 acc_ic@1=0.999 acc_qa@1=1.000 entropy=4.13
epoch 54 step 1000: loss=0.0232 img=0.0115 qa=0.0487 gram=0.0430 uniq=0.0000 langAdv=0.0000 acc_ic@1=0.999 acc_qa@1=0.984 entropy=4.13
epoch 54 step 1200: loss=0.0224 img=0.0102 qa=0.0495 gram=0.0399 uniq=0.0000 langAdv=0.0000 acc_ic@1=1.000 acc_qa@1=0.984 entropy=4.13
epoch 54 step 1400: loss=0.0030 img=0.0111 qa=0.0287 gram=0.0445 uniq=0.0000 langAdv=0.0000 acc_ic@1=0.999 acc_qa@1=1.000 entropy=4.13
epoch 55 step 200: loss=0.0068 img=0.0124 qa=0.0318 gram=0.0388 uniq=0.0000 langAdv=0.0000 acc_ic@1=0.999 acc_qa@1=1.000 entropy=4.13
epoch 55 step 400: loss=-0.0067 img=0.0097 qa=0.0199 gram=0.0504 uniq=0.0000 langAdv=0.0000 acc_ic@1=1.000 acc_qa@1=1.000 entropy=4.13
epoch 55 step 600: loss=-0.0039 img=0.0113 qa=0.0220 gram=0.0405 uniq=0.0000 langAdv=0.0000 acc_ic@1=0.999 acc_qa@1=1.000 entropy=4.13
epoch 55 step 800: loss=0.0150 img=0.0110 qa=0.0407 gram=0.0461 uniq=0.0000 langAdv=0.0000 acc_ic@1=0.999 acc_qa@1=0.984 entropy=4.13
epoch 55 step 1000: loss=0.0280 img=0.0137 qa=0.0513 gram=0.0430 uniq=0.0000 langAdv=0.0000 acc_ic@1=0.999 acc_qa@1=0.984 entropy=4.13
epoch 55 step 1200: loss=0.0033 img=0.0138 qa=0.0261 gram=0.0466 uniq=0.0000 langAdv=0.0000 acc_ic@1=0.999 acc_qa@1=1.000 entropy=4.13
epoch 55 step 1400: loss=0.0098 img=0.0120 qa=0.0345 gram=0.0450 uniq=0.0000 langAdv=0.0000 acc_ic@1=0.999 acc_qa@1=1.000 entropy=4.13
epoch 56 step 200: loss=-0.0116 img=0.0118 qa=0.0135 gram=0.0443 uniq=0.0000 langAdv=0.0000 acc_ic@1=0.999 acc_qa@1=1.000 entropy=4.13
epoch 56 step 400: loss=-0.0017 img=0.0130 qa=0.0229 gram=0.0371 uniq=0.0000 langAdv=0.0000 acc_ic@1=0.999 acc_qa@1=1.000 entropy=4.13
epoch 56 step 600: loss=-0.0002 img=0.0151 qa=0.0217 gram=0.0433 uniq=0.0000 langAdv=0.0000 acc_ic@1=0.999 acc_qa@1=1.000 entropy=4.13
epoch 56 step 800: loss=0.0026 img=0.0082 qa=0.0314 gram=0.0434 uniq=0.0000 langAdv=0.0000 acc_ic@1=1.000 acc_qa@1=1.000 entropy=4.13
epoch 56 step 1000: loss=0.0084 img=0.0129 qa=0.0331 gram=0.0376 uniq=0.0000 langAdv=0.0000 acc_ic@1=0.999 acc_qa@1=1.000 entropy=4.13
epoch 56 step 1200: loss=0.0250 img=0.0124 qa=0.0498 gram=0.0406 uniq=0.0000 langAdv=0.0000 acc_ic@1=0.999 acc_qa@1=1.000 entropy=4.13
epoch 56 step 1400: loss=0.0146 img=0.0108 qa=0.0414 gram=0.0368 uniq=0.0000 langAdv=0.0000 acc_ic@1=0.999 acc_qa@1=1.000 entropy=4.13
epoch 57 step 200: loss=0.0019 img=0.0125 qa=0.0267 gram=0.0398 uniq=0.0000 langAdv=0.0000 acc_ic@1=0.999 acc_qa@1=1.000 entropy=4.13
epoch 57 step 400: loss=0.0014 img=0.0118 qa=0.0269 gram=0.0389 uniq=0.0000 langAdv=0.0000 acc_ic@1=0.999 acc_qa@1=1.000 entropy=4.13
epoch 57 step 600: loss=0.0072 img=0.0126 qa=0.0317 gram=0.0416 uniq=0.0000 langAdv=0.0000 acc_ic@1=0.999 acc_qa@1=1.000 entropy=4.13
epoch 57 step 800: loss=0.0362 img=0.0122 qa=0.0615 gram=0.0383 uniq=0.0000 langAdv=0.0000 acc_ic@1=0.999 acc_qa@1=0.984 entropy=4.13
epoch 57 step 1000: loss=0.0197 img=0.0110 qa=0.0458 gram=0.0418 uniq=0.0000 langAdv=0.0000 acc_ic@1=0.999 acc_qa@1=1.000 entropy=4.13
epoch 57 step 1200: loss=0.0248 img=0.0105 qa=0.0512 gram=0.0440 uniq=0.0000 langAdv=0.0000 acc_ic@1=1.000 acc_qa@1=1.000 entropy=4.13
epoch 57 step 1400: loss=0.0140 img=0.0124 qa=0.0383 gram=0.0452 uniq=0.0000 langAdv=0.0000 acc_ic@1=1.000 acc_qa@1=1.000 entropy=4.13
epoch 58 step 200: loss=0.0045 img=0.0089 qa=0.0321 gram=0.0478 uniq=0.0000 langAdv=0.0000 acc_ic@1=1.000 acc_qa@1=1.000 entropy=4.13
epoch 58 step 400: loss=0.0123 img=0.0147 qa=0.0346 gram=0.0427 uniq=0.0000 langAdv=0.0000 acc_ic@1=0.999 acc_qa@1=1.000 entropy=4.13
epoch 58 step 600: loss=0.0079 img=0.0112 qa=0.0332 gram=0.0485 uniq=0.0000 langAdv=0.0000 acc_ic@1=0.999 acc_qa@1=1.000 entropy=4.13
epoch 58 step 800: loss=0.0193 img=0.0101 qa=0.0460 gram=0.0453 uniq=0.0000 langAdv=0.0000 acc_ic@1=0.999 acc_qa@1=0.984 entropy=4.13
epoch 58 step 1000: loss=0.0669 img=0.0130 qa=0.0911 gram=0.0400 uniq=0.0000 langAdv=0.0000 acc_ic@1=0.999 acc_qa@1=0.984 entropy=4.13
epoch 58 step 1200: loss=0.0052 img=0.0112 qa=0.0310 gram=0.0429 uniq=0.0000 langAdv=0.0000 acc_ic@1=0.999 acc_qa@1=1.000 entropy=4.13
epoch 58 step 1400: loss=0.0301 img=0.0090 qa=0.0581 gram=0.0428 uniq=0.0000 langAdv=0.0000 acc_ic@1=1.000 acc_qa@1=0.984 entropy=4.13
epoch 59 step 200: loss=0.0081 img=0.0132 qa=0.0322 gram=0.0392 uniq=0.0000 langAdv=0.0000 acc_ic@1=0.999 acc_qa@1=1.000 entropy=4.13
epoch 59 step 400: loss=0.0151 img=0.0165 qa=0.0358 gram=0.0409 uniq=0.0000 langAdv=0.0000 acc_ic@1=0.996 acc_qa@1=1.000 entropy=4.13
epoch 59 step 600: loss=-0.0046 img=0.0100 qa=0.0223 gram=0.0432 uniq=0.0000 langAdv=0.0000 acc_ic@1=0.999 acc_qa@1=1.000 entropy=4.13
epoch 59 step 800: loss=0.0174 img=0.0103 qa=0.0440 gram=0.0433 uniq=0.0000 langAdv=0.0000 acc_ic@1=1.000 acc_qa@1=1.000 entropy=4.13
epoch 59 step 1000: loss=0.0171 img=0.0133 qa=0.0407 gram=0.0433 uniq=0.0000 langAdv=0.0000 acc_ic@1=0.999 acc_qa@1=0.984 entropy=4.13
epoch 59 step 1200: loss=0.0034 img=0.0115 qa=0.0296 gram=0.0365 uniq=0.0000 langAdv=0.0000 acc_ic@1=0.999 acc_qa@1=1.000 entropy=4.13
epoch 59 step 1400: loss=0.0061 img=0.0123 qa=0.0310 gram=0.0407 uniq=0.0000 langAdv=0.0000 acc_ic@1=0.999 acc_qa@1=1.000 entropy=4.13
epoch 60 step 200: loss=0.0049 img=0.0100 qa=0.0321 gram=0.0413 uniq=0.0000 langAdv=0.0000 acc_ic@1=1.000 acc_qa@1=1.000 entropy=4.13
epoch 60 step 400: loss=0.0031 img=0.0144 qa=0.0256 gram=0.0434 uniq=0.0000 langAdv=0.0000 acc_ic@1=0.999 acc_qa@1=1.000 entropy=4.13
epoch 60 step 600: loss=0.0113 img=0.0133 qa=0.0353 gram=0.0401 uniq=0.0000 langAdv=0.0000 acc_ic@1=0.999 acc_qa@1=0.984 entropy=4.13
epoch 60 step 800: loss=-0.0025 img=0.0119 qa=0.0228 gram=0.0410 uniq=0.0000 langAdv=0.0000 acc_ic@1=0.999 acc_qa@1=1.000 entropy=4.13
epoch 60 step 1000: loss=0.0012 img=0.0115 qa=0.0270 gram=0.0394 uniq=0.0000 langAdv=0.0000 acc_ic@1=0.999 acc_qa@1=1.000 entropy=4.13
epoch 60 step 1200: loss=0.0078 img=0.0114 qa=0.0337 gram=0.0401 uniq=0.0000 langAdv=0.0000 acc_ic@1=0.999 acc_qa@1=1.000 entropy=4.13
epoch 60 step 1400: loss=0.0130 img=0.0105 qa=0.0389 gram=0.0493 uniq=0.0000 langAdv=0.0000 acc_ic@1=0.999 acc_qa@1=1.000 entropy=4.13
epoch 61 step 200: loss=0.0091 img=0.0138 qa=0.0322 gram=0.0436 uniq=0.0000 langAdv=0.0000 acc_ic@1=0.999 acc_qa@1=1.000 entropy=4.13
epoch 61 step 400: loss=-0.0005 img=0.0125 qa=0.0233 gram=0.0489 uniq=0.0000 langAdv=0.0000 acc_ic@1=0.999 acc_qa@1=1.000 entropy=4.13
epoch 61 step 600: loss=0.0010 img=0.0086 qa=0.0294 gram=0.0425 uniq=0.0000 langAdv=0.0000 acc_ic@1=1.000 acc_qa@1=1.000 entropy=4.13
epoch 61 step 800: loss=0.0000 img=0.0139 qa=0.0227 gram=0.0466 uniq=0.0000 langAdv=0.0000 acc_ic@1=0.999 acc_qa@1=1.000 entropy=4.13
epoch 61 step 1000: loss=0.0057 img=0.0114 qa=0.0312 gram=0.0429 uniq=0.0000 langAdv=0.0000 acc_ic@1=1.000 acc_qa@1=1.000 entropy=4.13
epoch 61 step 1200: loss=0.0042 img=0.0129 qa=0.0286 gram=0.0404 uniq=0.0000 langAdv=0.0000 acc_ic@1=0.999 acc_qa@1=1.000 entropy=4.13
epoch 61 step 1400: loss=-0.0013 img=0.0128 qa=0.0229 gram=0.0426 uniq=0.0000 langAdv=0.0000 acc_ic@1=0.999 acc_qa@1=1.000 entropy=4.13
epoch 62 step 200: loss=0.0367 img=0.0110 qa=0.0625 gram=0.0449 uniq=0.0000 langAdv=0.0000 acc_ic@1=0.999 acc_qa@1=0.984 entropy=4.13
epoch 62 step 400: loss=0.0135 img=0.0110 qa=0.0396 gram=0.0406 uniq=0.0000 langAdv=0.0000 acc_ic@1=1.000 acc_qa@1=1.000 entropy=4.13
epoch 62 step 600: loss=-0.0067 img=0.0111 qa=0.0188 gram=0.0460 uniq=0.0000 langAdv=0.0000 acc_ic@1=0.999 acc_qa@1=1.000 entropy=4.13
epoch 62 step 800: loss=0.0088 img=0.0129 qa=0.0327 gram=0.0444 uniq=0.0000 langAdv=0.0000 acc_ic@1=0.999 acc_qa@1=0.984 entropy=4.13
epoch 62 step 1000: loss=0.0226 img=0.0113 qa=0.0488 gram=0.0379 uniq=0.0000 langAdv=0.0000 acc_ic@1=1.000 acc_qa@1=1.000 entropy=4.13
epoch 62 step 1200: loss=-0.0010 img=0.0127 qa=0.0229 gram=0.0467 uniq=0.0000 langAdv=0.0000 acc_ic@1=0.999 acc_qa@1=1.000 entropy=4.13
epoch 62 step 1400: loss=0.0019 img=0.0105 qa=0.0280 gram=0.0462 uniq=0.0000 langAdv=0.0000 acc_ic@1=0.999 acc_qa@1=1.000 entropy=4.12
epoch 63 step 200: loss=-0.0020 img=0.0099 qa=0.0254 gram=0.0394 uniq=0.0000 langAdv=0.0000 acc_ic@1=0.999 acc_qa@1=1.000 entropy=4.12
epoch 63 step 400: loss=0.0027 img=0.0122 qa=0.0275 gram=0.0423 uniq=0.0000 langAdv=0.0000 acc_ic@1=0.999 acc_qa@1=1.000 entropy=4.12
epoch 63 step 600: loss=-0.0033 img=0.0126 qa=0.0215 gram=0.0392 uniq=0.0000 langAdv=0.0000 acc_ic@1=0.999 acc_qa@1=1.000 entropy=4.12
epoch 63 step 800: loss=0.0427 img=0.0093 qa=0.0708 gram=0.0387 uniq=0.0000 langAdv=0.0000 acc_ic@1=1.000 acc_qa@1=0.984 entropy=4.12
epoch 63 step 1000: loss=0.0010 img=0.0112 qa=0.0271 gram=0.0402 uniq=0.0000 langAdv=0.0000 acc_ic@1=0.999 acc_qa@1=1.000 entropy=4.12
epoch 63 step 1200: loss=0.0251 img=0.0127 qa=0.0499 gram=0.0376 uniq=0.0000 langAdv=0.0000 acc_ic@1=0.999 acc_qa@1=0.984 entropy=4.12
epoch 63 step 1400: loss=0.0088 img=0.0134 qa=0.0322 gram=0.0444 uniq=0.0000 langAdv=0.0000 acc_ic@1=0.998 acc_qa@1=1.000 entropy=4.12
epoch 64 step 200: loss=-0.0057 img=0.0118 qa=0.0194 gram=0.0434 uniq=0.0000 langAdv=0.0000 acc_ic@1=0.999 acc_qa@1=1.000 entropy=4.12
epoch 64 step 400: loss=0.0035 img=0.0119 qa=0.0285 gram=0.0433 uniq=0.0000 langAdv=0.0000 acc_ic@1=0.999 acc_qa@1=1.000 entropy=4.12
epoch 64 step 600: loss=0.0571 img=0.0129 qa=0.0812 gram=0.0424 uniq=0.0000 langAdv=0.0000 acc_ic@1=0.999 acc_qa@1=0.984 entropy=4.12
epoch 64 step 800: loss=0.0095 img=0.0121 qa=0.0348 gram=0.0391 uniq=0.0000 langAdv=0.0000 acc_ic@1=0.999 acc_qa@1=1.000 entropy=4.12
epoch 64 step 1000: loss=-0.0008 img=0.0126 qa=0.0240 gram=0.0379 uniq=0.0000 langAdv=0.0000 acc_ic@1=0.999 acc_qa@1=1.000 entropy=4.12
epoch 64 step 1200: loss=0.0018 img=0.0113 qa=0.0274 gram=0.0432 uniq=0.0000 langAdv=0.0000 acc_ic@1=1.000 acc_qa@1=1.000 entropy=4.12
epoch 64 step 1400: loss=0.0089 img=0.0108 qa=0.0354 gram=0.0389 uniq=0.0000 langAdv=0.0000 acc_ic@1=1.000 acc_qa@1=1.000 entropy=4.12
epoch 65 step 200: loss=0.0001 img=0.0126 qa=0.0240 gram=0.0467 uniq=0.0000 langAdv=0.0000 acc_ic@1=0.999 acc_qa@1=1.000 entropy=4.12
epoch 65 step 400: loss=-0.0038 img=0.0154 qa=0.0172 gram=0.0485 uniq=0.0000 langAdv=0.0000 acc_ic@1=0.999 acc_qa@1=1.000 entropy=4.12
epoch 65 step 600: loss=0.0033 img=0.0157 qa=0.0250 gram=0.0390 uniq=0.0000 langAdv=0.0000 acc_ic@1=1.000 acc_qa@1=1.000 entropy=4.12
epoch 65 step 800: loss=-0.0093 img=0.0108 qa=0.0170 gram=0.0412 uniq=0.0000 langAdv=0.0000 acc_ic@1=0.999 acc_qa@1=1.000 entropy=4.12
epoch 65 step 1000: loss=0.0053 img=0.0124 qa=0.0297 gram=0.0453 uniq=0.0000 langAdv=0.0000 acc_ic@1=0.999 acc_qa@1=1.000 entropy=4.12
epoch 65 step 1200: loss=0.0038 img=0.0134 qa=0.0273 gram=0.0438 uniq=0.0000 langAdv=0.0000 acc_ic@1=0.999 acc_qa@1=1.000 entropy=4.12
epoch 65 step 1400: loss=0.0296 img=0.0148 qa=0.0521 gram=0.0389 uniq=0.0000 langAdv=0.0000 acc_ic@1=0.999 acc_qa@1=0.984 entropy=4.12
epoch 66 step 200: loss=-0.0025 img=0.0111 qa=0.0241 gram=0.0359 uniq=0.0000 langAdv=0.0000 acc_ic@1=1.000 acc_qa@1=1.000 entropy=4.12
epoch 66 step 400: loss=-0.0003 img=0.0097 qa=0.0272 gram=0.0410 uniq=0.0000 langAdv=0.0000 acc_ic@1=0.999 acc_qa@1=1.000 entropy=4.12
epoch 66 step 600: loss=-0.0083 img=0.0095 qa=0.0185 gram=0.0489 uniq=0.0000 langAdv=0.0000 acc_ic@1=1.000 acc_qa@1=1.000 entropy=4.12
epoch 66 step 800: loss=-0.0092 img=0.0134 qa=0.0148 gram=0.0389 uniq=0.0000 langAdv=0.0000 acc_ic@1=0.999 acc_qa@1=1.000 entropy=4.12
epoch 66 step 1000: loss=0.0014 img=0.0113 qa=0.0270 gram=0.0431 uniq=0.0000 langAdv=0.0000 acc_ic@1=0.999 acc_qa@1=1.000 entropy=4.12
epoch 66 step 1200: loss=0.0640 img=0.0124 qa=0.0885 gram=0.0434 uniq=0.0000 langAdv=0.0000 acc_ic@1=0.999 acc_qa@1=0.984 entropy=4.12
epoch 66 step 1400: loss=-0.0002 img=0.0115 qa=0.0257 gram=0.0389 uniq=0.0000 langAdv=0.0000 acc_ic@1=0.999 acc_qa@1=1.000 entropy=4.12
epoch 67 step 200: loss=0.0210 img=0.0099 qa=0.0485 gram=0.0387 uniq=0.0000 langAdv=0.0000 acc_ic@1=0.999 acc_qa@1=0.984 entropy=4.12
epoch 67 step 400: loss=-0.0078 img=0.0110 qa=0.0185 gram=0.0399 uniq=0.0000 langAdv=0.0000 acc_ic@1=0.999 acc_qa@1=1.000 entropy=4.12
epoch 67 step 600: loss=0.0009 img=0.0138 qa=0.0234 gram=0.0490 uniq=0.0000 langAdv=0.0000 acc_ic@1=0.999 acc_qa@1=1.000 entropy=4.12
epoch 67 step 800: loss=-0.0139 img=0.0114 qa=0.0115 gram=0.0443 uniq=0.0000 langAdv=0.0000 acc_ic@1=0.999 acc_qa@1=1.000 entropy=4.12
epoch 67 step 1000: loss=-0.0004 img=0.0120 qa=0.0253 gram=0.0354 uniq=0.0000 langAdv=0.0000 acc_ic@1=0.999 acc_qa@1=1.000 entropy=4.12
epoch 67 step 1200: loss=0.0499 img=0.0117 qa=0.0757 gram=0.0376 uniq=0.0000 langAdv=0.0000 acc_ic@1=0.999 acc_qa@1=0.969 entropy=4.12
epoch 67 step 1400: loss=0.0363 img=0.0129 qa=0.0603 gram=0.0435 uniq=0.0000 langAdv=0.0000 acc_ic@1=0.999 acc_qa@1=0.984 entropy=4.12
epoch 68 step 200: loss=-0.0019 img=0.0147 qa=0.0207 gram=0.0399 uniq=0.0000 langAdv=0.0000 acc_ic@1=0.999 acc_qa@1=1.000 entropy=4.12
epoch 68 step 400: loss=0.0009 img=0.0115 qa=0.0262 gram=0.0435 uniq=0.0000 langAdv=0.0000 acc_ic@1=0.999 acc_qa@1=1.000 entropy=4.12
epoch 68 step 600: loss=-0.0015 img=0.0127 qa=0.0230 gram=0.0401 uniq=0.0000 langAdv=0.0000 acc_ic@1=0.999 acc_qa@1=1.000 entropy=4.12
epoch 68 step 800: loss=-0.0121 img=0.0116 qa=0.0123 gram=0.0518 uniq=0.0000 langAdv=0.0000 acc_ic@1=0.999 acc_qa@1=1.000 entropy=4.12
epoch 68 step 1000: loss=-0.0013 img=0.0115 qa=0.0241 gram=0.0440 uniq=0.0000 langAdv=0.0000 acc_ic@1=0.999 acc_qa@1=1.000 entropy=4.12
epoch 68 step 1200: loss=-0.0022 img=0.0125 qa=0.0224 gram=0.0406 uniq=0.0000 langAdv=0.0000 acc_ic@1=0.999 acc_qa@1=1.000 entropy=4.12
epoch 68 step 1400: loss=-0.0049 img=0.0121 qa=0.0192 gram=0.0504 uniq=0.0000 langAdv=0.0000 acc_ic@1=0.999 acc_qa@1=1.000 entropy=4.12
epoch 69 step 200: loss=0.0097 img=0.0119 qa=0.0347 gram=0.0430 uniq=0.0000 langAdv=0.0000 acc_ic@1=0.999 acc_qa@1=1.000 entropy=4.12
epoch 69 step 400: loss=-0.0091 img=0.0131 qa=0.0148 gram=0.0425 uniq=0.0000 langAdv=0.0000 acc_ic@1=1.000 acc_qa@1=1.000 entropy=4.12
epoch 69 step 600: loss=0.0172 img=0.0132 qa=0.0409 gram=0.0428 uniq=0.0000 langAdv=0.0000 acc_ic@1=0.999 acc_qa@1=1.000 entropy=4.12
epoch 69 step 800: loss=0.0192 img=0.0104 qa=0.0459 gram=0.0414 uniq=0.0000 langAdv=0.0000 acc_ic@1=0.999 acc_qa@1=1.000 entropy=4.12
epoch 69 step 1000: loss=-0.0024 img=0.0119 qa=0.0228 gram=0.0411 uniq=0.0000 langAdv=0.0000 acc_ic@1=0.999 acc_qa@1=1.000 entropy=4.12
epoch 69 step 1200: loss=0.0055 img=0.0137 qa=0.0290 gram=0.0406 uniq=0.0000 langAdv=0.0000 acc_ic@1=0.998 acc_qa@1=1.000 entropy=4.12
epoch 69 step 1400: loss=0.0147 img=0.0147 qa=0.0373 gram=0.0395 uniq=0.0000 langAdv=0.0000 acc_ic@1=0.998 acc_qa@1=1.000 entropy=4.12
epoch 70 step 200: loss=-0.0042 img=0.0142 qa=0.0184 gram=0.0438 uniq=0.0000 langAdv=0.0000 acc_ic@1=0.998 acc_qa@1=1.000 entropy=4.12
epoch 70 step 400: loss=-0.0063 img=0.0125 qa=0.0179 gram=0.0441 uniq=0.0000 langAdv=0.0000 acc_ic@1=0.999 acc_qa@1=1.000 entropy=4.12
epoch 70 step 600: loss=-0.0039 img=0.0094 qa=0.0240 gram=0.0392 uniq=0.0000 langAdv=0.0000 acc_ic@1=1.000 acc_qa@1=1.000 entropy=4.12
epoch 70 step 800: loss=0.0185 img=0.0141 qa=0.0413 gram=0.0436 uniq=0.0000 langAdv=0.0000 acc_ic@1=0.999 acc_qa@1=0.984 entropy=4.12
epoch 70 step 1000: loss=0.0163 img=0.0149 qa=0.0383 gram=0.0435 uniq=0.0000 langAdv=0.0000 acc_ic@1=0.999 acc_qa@1=1.000 entropy=4.12
epoch 70 step 1200: loss=0.0117 img=0.0125 qa=0.0366 gram=0.0380 uniq=0.0000 langAdv=0.0000 acc_ic@1=0.999 acc_qa@1=0.984 entropy=4.12
epoch 70 step 1400: loss=0.0380 img=0.0143 qa=0.0608 gram=0.0406 uniq=0.0000 langAdv=0.0000 acc_ic@1=0.998 acc_qa@1=0.984 entropy=4.12
epoch 71 step 200: loss=-0.0045 img=0.0144 qa=0.0184 gram=0.0399 uniq=0.0000 langAdv=0.0000 acc_ic@1=0.999 acc_qa@1=1.000 entropy=4.12
epoch 71 step 400: loss=0.0014 img=0.0110 qa=0.0275 gram=0.0418 uniq=0.0000 langAdv=0.0000 acc_ic@1=0.999 acc_qa@1=1.000 entropy=4.12
epoch 71 step 600: loss=-0.0039 img=0.0129 qa=0.0196 gram=0.0485 uniq=0.0000 langAdv=0.0000 acc_ic@1=0.999 acc_qa@1=1.000 entropy=4.12
epoch 71 step 800: loss=-0.0015 img=0.0122 qa=0.0237 gram=0.0386 uniq=0.0000 langAdv=0.0000 acc_ic@1=1.000 acc_qa@1=1.000 entropy=4.12
epoch 71 step 1000: loss=-0.0047 img=0.0120 qa=0.0202 gram=0.0431 uniq=0.0000 langAdv=0.0000 acc_ic@1=0.999 acc_qa@1=1.000 entropy=4.12
epoch 71 step 1200: loss=0.0078 img=0.0116 qa=0.0318 gram=0.0564 uniq=0.0000 langAdv=0.0000 acc_ic@1=0.999 acc_qa@1=1.000 entropy=4.12
epoch 71 step 1400: loss=0.0027 img=0.0098 qa=0.0297 gram=0.0444 uniq=0.0000 langAdv=0.0000 acc_ic@1=1.000 acc_qa@1=1.000 entropy=4.12
epoch 72 step 200: loss=-0.0027 img=0.0102 qa=0.0244 gram=0.0399 uniq=0.0000 langAdv=0.0000 acc_ic@1=1.000 acc_qa@1=1.000 entropy=4.12
epoch 72 step 400: loss=0.0052 img=0.0106 qa=0.0314 gram=0.0439 uniq=0.0000 langAdv=0.0000 acc_ic@1=1.000 acc_qa@1=1.000 entropy=4.12
epoch 72 step 600: loss=0.0500 img=0.0113 qa=0.0761 gram=0.0384 uniq=0.0000 langAdv=0.0000 acc_ic@1=0.999 acc_qa@1=0.984 entropy=4.12
epoch 72 step 800: loss=0.0032 img=0.0118 qa=0.0283 gram=0.0438 uniq=0.0000 langAdv=0.0000 acc_ic@1=0.999 acc_qa@1=1.000 entropy=4.12
epoch 72 step 1000: loss=0.0098 img=0.0117 qa=0.0347 gram=0.0454 uniq=0.0000 langAdv=0.0000 acc_ic@1=1.000 acc_qa@1=1.000 entropy=4.12
epoch 72 step 1200: loss=0.0119 img=0.0116 qa=0.0380 gram=0.0353 uniq=0.0000 langAdv=0.0000 acc_ic@1=0.999 acc_qa@1=1.000 entropy=4.12
epoch 72 step 1400: loss=-0.0047 img=0.0117 qa=0.0210 gram=0.0378 uniq=0.0000 langAdv=0.0000 acc_ic@1=0.999 acc_qa@1=1.000 entropy=4.12
epoch 73 step 200: loss=0.0085 img=0.0118 qa=0.0332 gram=0.0466 uniq=0.0000 langAdv=0.0000 acc_ic@1=0.999 acc_qa@1=0.984 entropy=4.12
epoch 73 step 400: loss=-0.0037 img=0.0110 qa=0.0223 gram=0.0432 uniq=0.0000 langAdv=0.0000 acc_ic@1=0.999 acc_qa@1=1.000 entropy=4.12
epoch 73 step 600: loss=0.0006 img=0.0108 qa=0.0271 gram=0.0390 uniq=0.0000 langAdv=0.0000 acc_ic@1=0.999 acc_qa@1=1.000 entropy=4.12
epoch 73 step 800: loss=-0.0052 img=0.0141 qa=0.0174 gram=0.0454 uniq=0.0000 langAdv=0.0000 acc_ic@1=0.998 acc_qa@1=1.000 entropy=4.12
epoch 73 step 1000: loss=0.0023 img=0.0123 qa=0.0274 gram=0.0378 uniq=0.0000 langAdv=0.0000 acc_ic@1=0.999 acc_qa@1=1.000 entropy=4.12
epoch 73 step 1200: loss=-0.0049 img=0.0105 qa=0.0214 gram=0.0454 uniq=0.0000 langAdv=0.0000 acc_ic@1=0.999 acc_qa@1=1.000 entropy=4.12
epoch 73 step 1400: loss=0.0048 img=0.0129 qa=0.0290 gram=0.0406 uniq=0.0000 langAdv=0.0000 acc_ic@1=0.999 acc_qa@1=1.000 entropy=4.12
epoch 74 step 200: loss=0.0112 img=0.0129 qa=0.0357 gram=0.0384 uniq=0.0000 langAdv=0.0000 acc_ic@1=0.999 acc_qa@1=1.000 entropy=4.12
epoch 74 step 400: loss=-0.0030 img=0.0123 qa=0.0222 gram=0.0370 uniq=0.0000 langAdv=0.0000 acc_ic@1=0.999 acc_qa@1=1.000 entropy=4.12
epoch 74 step 600: loss=0.0042 img=0.0112 qa=0.0302 gram=0.0400 uniq=0.0000 langAdv=0.0000 acc_ic@1=0.999 acc_qa@1=1.000 entropy=4.12
epoch 74 step 800: loss=-0.0051 img=0.0127 qa=0.0192 gram=0.0423 uniq=0.0000 langAdv=0.0000 acc_ic@1=0.999 acc_qa@1=1.000 entropy=4.12
epoch 74 step 1000: loss=-0.0075 img=0.0136 qa=0.0161 gram=0.0401 uniq=0.0000 langAdv=0.0000 acc_ic@1=0.999 acc_qa@1=1.000 entropy=4.12
epoch 74 step 1200: loss=0.0143 img=0.0142 qa=0.0366 gram=0.0469 uniq=0.0000 langAdv=0.0000 acc_ic@1=0.998 acc_qa@1=1.000 entropy=4.12
epoch 74 step 1400: loss=0.0202 img=0.0086 qa=0.0487 gram=0.0420 uniq=0.0000 langAdv=0.0000 acc_ic@1=1.000 acc_qa@1=1.000 entropy=4.12
epoch 75 step 200: loss=0.0219 img=0.0097 qa=0.0492 gram=0.0419 uniq=0.0000 langAdv=0.0000 acc_ic@1=0.999 acc_qa@1=0.969 entropy=4.12
epoch 75 step 400: loss=0.0095 img=0.0120 qa=0.0348 gram=0.0398 uniq=0.0000 langAdv=0.0000 acc_ic@1=0.999 acc_qa@1=1.000 entropy=4.12
epoch 75 step 600: loss=-0.0057 img=0.0103 qa=0.0211 gram=0.0417 uniq=0.0000 langAdv=0.0000 acc_ic@1=1.000 acc_qa@1=1.000 entropy=4.12
epoch 75 step 800: loss=0.0135 img=0.0139 qa=0.0367 gram=0.0410 uniq=0.0000 langAdv=0.0000 acc_ic@1=0.999 acc_qa@1=1.000 entropy=4.12
epoch 75 step 1000: loss=-0.0029 img=0.0131 qa=0.0210 gram=0.0426 uniq=0.0000 langAdv=0.0000 acc_ic@1=0.999 acc_qa@1=1.000 entropy=4.12
epoch 75 step 1200: loss=0.0171 img=0.0149 qa=0.0394 gram=0.0406 uniq=0.0000 langAdv=0.0000 acc_ic@1=0.999 acc_qa@1=1.000 entropy=4.12
epoch 75 step 1400: loss=0.0486 img=0.0105 qa=0.0748 gram=0.0450 uniq=0.0000 langAdv=0.0000 acc_ic@1=1.000 acc_qa@1=0.969 entropy=4.12
epoch 76 step 200: loss=0.0048 img=0.0097 qa=0.0320 gram=0.0432 uniq=0.0000 langAdv=0.0000 acc_ic@1=0.999 acc_qa@1=1.000 entropy=4.12
epoch 76 step 400: loss=-0.0086 img=0.0104 qa=0.0171 gram=0.0517 uniq=0.0000 langAdv=0.0000 acc_ic@1=0.999 acc_qa@1=1.000 entropy=4.12
epoch 76 step 600: loss=0.0171 img=0.0124 qa=0.0406 gram=0.0519 uniq=0.0000 langAdv=0.0000 acc_ic@1=0.999 acc_qa@1=0.984 entropy=4.12
epoch 76 step 800: loss=0.0142 img=0.0234 qa=0.0271 gram=0.0495 uniq=0.0000 langAdv=0.0000 acc_ic@1=0.995 acc_qa@1=1.000 entropy=4.12
epoch 76 step 1000: loss=0.0406 img=0.0124 qa=0.0653 gram=0.0409 uniq=0.0000 langAdv=0.0000 acc_ic@1=0.999 acc_qa@1=0.984 entropy=4.12
epoch 76 step 1200: loss=0.0010 img=0.0121 qa=0.0259 gram=0.0419 uniq=0.0000 langAdv=0.0000 acc_ic@1=0.999 acc_qa@1=1.000 entropy=4.12
epoch 76 step 1400: loss=0.0007 img=0.0105 qa=0.0273 gram=0.0408 uniq=0.0000 langAdv=0.0000 acc_ic@1=0.999 acc_qa@1=1.000 entropy=4.12
epoch 77 step 200: loss=-0.0031 img=0.0126 qa=0.0214 gram=0.0415 uniq=0.0000 langAdv=0.0000 acc_ic@1=0.999 acc_qa@1=1.000 entropy=4.12
epoch 77 step 400: loss=-0.0035 img=0.0111 qa=0.0221 gram=0.0455 uniq=0.0000 langAdv=0.0000 acc_ic@1=0.999 acc_qa@1=1.000 entropy=4.12
epoch 77 step 600: loss=0.0035 img=0.0122 qa=0.0280 gram=0.0455 uniq=0.0000 langAdv=0.0000 acc_ic@1=0.999 acc_qa@1=1.000 entropy=4.12
epoch 77 step 800: loss=-0.0058 img=0.0100 qa=0.0215 gram=0.0380 uniq=0.0000 langAdv=0.0000 acc_ic@1=0.999 acc_qa@1=1.000 entropy=4.12
epoch 77 step 1000: loss=0.0163 img=0.0101 qa=0.0434 gram=0.0403 uniq=0.0000 langAdv=0.0000 acc_ic@1=0.999 acc_qa@1=0.984 entropy=4.12
epoch 77 step 1200: loss=-0.0116 img=0.0104 qa=0.0147 gram=0.0445 uniq=0.0000 langAdv=0.0000 acc_ic@1=0.999 acc_qa@1=1.000 entropy=4.12
epoch 77 step 1400: loss=0.0004 img=0.0131 qa=0.0243 gram=0.0427 uniq=0.0000 langAdv=0.0000 acc_ic@1=0.999 acc_qa@1=1.000 entropy=4.12
epoch 78 step 200: loss=-0.0024 img=0.0106 qa=0.0243 gram=0.0386 uniq=0.0000 langAdv=0.0000 acc_ic@1=0.999 acc_qa@1=1.000 entropy=4.12
epoch 78 step 400: loss=-0.0019 img=0.0096 qa=0.0254 gram=0.0431 uniq=0.0000 langAdv=0.0000 acc_ic@1=1.000 acc_qa@1=1.000 entropy=4.12
epoch 78 step 600: loss=0.0183 img=0.0098 qa=0.0452 gram=0.0445 uniq=0.0000 langAdv=0.0000 acc_ic@1=0.999 acc_qa@1=1.000 entropy=4.12
epoch 78 step 800: loss=0.0071 img=0.0143 qa=0.0296 gram=0.0434 uniq=0.0000 langAdv=0.0000 acc_ic@1=0.999 acc_qa@1=1.000 entropy=4.12
epoch 78 step 1000: loss=-0.0016 img=0.0110 qa=0.0243 gram=0.0421 uniq=0.0000 langAdv=0.0000 acc_ic@1=0.999 acc_qa@1=1.000 entropy=4.12
epoch 78 step 1200: loss=0.0518 img=0.0105 qa=0.0782 gram=0.0428 uniq=0.0000 langAdv=0.0000 acc_ic@1=0.999 acc_qa@1=0.984 entropy=4.12
epoch 78 step 1400: loss=0.0178 img=0.0119 qa=0.0427 gram=0.0435 uniq=0.0000 langAdv=0.0000 acc_ic@1=0.999 acc_qa@1=1.000 entropy=4.12
epoch 79 step 200: loss=0.0135 img=0.0128 qa=0.0381 gram=0.0379 uniq=0.0000 langAdv=0.0000 acc_ic@1=0.998 acc_qa@1=1.000 entropy=4.12
epoch 79 step 400: loss=0.0014 img=0.0112 qa=0.0267 gram=0.0463 uniq=0.0000 langAdv=0.0000 acc_ic@1=0.999 acc_qa@1=1.000 entropy=4.12
epoch 79 step 600: loss=0.0046 img=0.0119 qa=0.0301 gram=0.0385 uniq=0.0000 langAdv=0.0000 acc_ic@1=0.999 acc_qa@1=1.000 entropy=4.12
epoch 79 step 800: loss=0.0267 img=0.0137 qa=0.0502 gram=0.0407 uniq=0.0000 langAdv=0.0000 acc_ic@1=1.000 acc_qa@1=0.984 entropy=4.12
epoch 79 step 1000: loss=0.0291 img=0.0104 qa=0.0561 gram=0.0388 uniq=0.0000 langAdv=0.0000 acc_ic@1=0.999 acc_qa@1=1.000 entropy=4.12
epoch 79 step 1200: loss=0.0159 img=0.0112 qa=0.0417 gram=0.0421 uniq=0.0000 langAdv=0.0000 acc_ic@1=0.999 acc_qa@1=1.000 entropy=4.12
epoch 79 step 1400: loss=0.0349 img=0.0127 qa=0.0591 gram=0.0435 uniq=0.0000 langAdv=0.0000 acc_ic@1=0.999 acc_qa@1=0.984 entropy=4.12
epoch 80 step 200: loss=-0.0038 img=0.0114 qa=0.0221 gram=0.0392 uniq=0.0000 langAdv=0.0000 acc_ic@1=0.999 acc_qa@1=1.000 entropy=4.12
epoch 80 step 400: loss=0.0166 img=0.0131 qa=0.0402 gram=0.0452 uniq=0.0000 langAdv=0.0000 acc_ic@1=0.999 acc_qa@1=0.984 entropy=4.12
epoch 80 step 600: loss=0.0015 img=0.0117 qa=0.0274 gram=0.0361 uniq=0.0000 langAdv=0.0000 acc_ic@1=0.999 acc_qa@1=1.000 entropy=4.12
epoch 80 step 800: loss=-0.0050 img=0.0127 qa=0.0188 gram=0.0470 uniq=0.0000 langAdv=0.0000 acc_ic@1=1.000 acc_qa@1=1.000 entropy=4.12
epoch 80 step 1000: loss=0.0171 img=0.0103 qa=0.0440 gram=0.0410 uniq=0.0000 langAdv=0.0000 acc_ic@1=0.999 acc_qa@1=1.000 entropy=4.12
epoch 80 step 1200: loss=0.0085 img=0.0105 qa=0.0348 gram=0.0429 uniq=0.0000 langAdv=0.0000 acc_ic@1=0.999 acc_qa@1=1.000 entropy=4.12
epoch 80 step 1400: loss=0.0092 img=0.0139 qa=0.0324 gram=0.0413 uniq=0.0000 langAdv=0.0000 acc_ic@1=0.999 acc_qa@1=1.000 entropy=4.12
epoch 81 step 200: loss=-0.0059 img=0.0120 qa=0.0190 gram=0.0431 uniq=0.0000 langAdv=0.0000 acc_ic@1=0.999 acc_qa@1=1.000 entropy=4.12
epoch 81 step 400: loss=0.0223 img=0.0144 qa=0.0453 gram=0.0382 uniq=0.0000 langAdv=0.0000 acc_ic@1=0.998 acc_qa@1=0.984 entropy=4.12
epoch 81 step 600: loss=0.0041 img=0.0111 qa=0.0297 gram=0.0448 uniq=0.0000 langAdv=0.0000 acc_ic@1=0.999 acc_qa@1=1.000 entropy=4.12
epoch 81 step 800: loss=0.0061 img=0.0101 qa=0.0329 gram=0.0428 uniq=0.0000 langAdv=0.0000 acc_ic@1=0.999 acc_qa@1=1.000 entropy=4.12
epoch 81 step 1000: loss=0.0074 img=0.0104 qa=0.0341 gram=0.0411 uniq=0.0000 langAdv=0.0000 acc_ic@1=1.000 acc_qa@1=1.000 entropy=4.12
epoch 81 step 1200: loss=0.0024 img=0.0143 qa=0.0258 gram=0.0353 uniq=0.0000 langAdv=0.0000 acc_ic@1=1.000 acc_qa@1=1.000 entropy=4.12
epoch 81 step 1400: loss=0.0178 img=0.0109 qa=0.0437 gram=0.0443 uniq=0.0000 langAdv=0.0000 acc_ic@1=0.999 acc_qa@1=1.000 entropy=4.12
epoch 82 step 200: loss=0.0139 img=0.0128 qa=0.0377 gram=0.0455 uniq=0.0000 langAdv=0.0000 acc_ic@1=0.998 acc_qa@1=0.984 entropy=4.12
epoch 82 step 400: loss=0.0110 img=0.0085 qa=0.0398 gram=0.0390 uniq=0.0000 langAdv=0.0000 acc_ic@1=0.999 acc_qa@1=0.984 entropy=4.12
epoch 82 step 600: loss=-0.0080 img=0.0101 qa=0.0190 gram=0.0414 uniq=0.0000 langAdv=0.0000 acc_ic@1=0.999 acc_qa@1=1.000 entropy=4.12
epoch 82 step 800: loss=0.0032 img=0.0142 qa=0.0264 gram=0.0381 uniq=0.0000 langAdv=0.0000 acc_ic@1=0.998 acc_qa@1=1.000 entropy=4.12
epoch 82 step 1000: loss=0.0452 img=0.0109 qa=0.0718 gram=0.0368 uniq=0.0000 langAdv=0.0000 acc_ic@1=0.999 acc_qa@1=0.984 entropy=4.12
epoch 82 step 1200: loss=0.0020 img=0.0100 qa=0.0291 gram=0.0405 uniq=0.0000 langAdv=0.0000 acc_ic@1=1.000 acc_qa@1=1.000 entropy=4.12
epoch 82 step 1400: loss=0.0279 img=0.0081 qa=0.0573 gram=0.0375 uniq=0.0000 langAdv=0.0000 acc_ic@1=1.000 acc_qa@1=1.000 entropy=4.12
epoch 83 step 200: loss=-0.0109 img=0.0090 qa=0.0169 gram=0.0440 uniq=0.0000 langAdv=0.0000 acc_ic@1=1.000 acc_qa@1=1.000 entropy=4.12
epoch 83 step 400: loss=-0.0021 img=0.0098 qa=0.0251 gram=0.0430 uniq=0.0000 langAdv=0.0000 acc_ic@1=0.999 acc_qa@1=1.000 entropy=4.12
epoch 83 step 600: loss=-0.0092 img=0.0122 qa=0.0158 gram=0.0396 uniq=0.0000 langAdv=0.0000 acc_ic@1=0.999 acc_qa@1=1.000 entropy=4.12
epoch 83 step 800: loss=-0.0008 img=0.0143 qa=0.0217 gram=0.0439 uniq=0.0000 langAdv=0.0000 acc_ic@1=0.999 acc_qa@1=1.000 entropy=4.12
epoch 83 step 1000: loss=0.0004 img=0.0104 qa=0.0267 gram=0.0445 uniq=0.0000 langAdv=0.0000 acc_ic@1=1.000 acc_qa@1=1.000 entropy=4.12
epoch 83 step 1200: loss=-0.0088 img=0.0109 qa=0.0173 gram=0.0428 uniq=0.0000 langAdv=0.0000 acc_ic@1=0.999 acc_qa@1=1.000 entropy=4.12
epoch 83 step 1400: loss=0.0173 img=0.0140 qa=0.0401 gram=0.0446 uniq=0.0000 langAdv=0.0000 acc_ic@1=0.998 acc_qa@1=1.000 entropy=4.12
epoch 84 step 200: loss=-0.0040 img=0.0101 qa=0.0227 gram=0.0439 uniq=0.0000 langAdv=0.0000 acc_ic@1=1.000 acc_qa@1=1.000 entropy=4.12
epoch 84 step 400: loss=0.0212 img=0.0094 qa=0.0489 gram=0.0413 uniq=0.0000 langAdv=0.0000 acc_ic@1=0.999 acc_qa@1=0.984 entropy=4.12
epoch 84 step 600: loss=-0.0096 img=0.0121 qa=0.0152 gram=0.0424 uniq=0.0000 langAdv=0.0000 acc_ic@1=1.000 acc_qa@1=1.000 entropy=4.12
epoch 84 step 800: loss=0.0037 img=0.0114 qa=0.0293 gram=0.0415 uniq=0.0000 langAdv=0.0000 acc_ic@1=0.999 acc_qa@1=1.000 entropy=4.12
epoch 84 step 1000: loss=-0.0014 img=0.0114 qa=0.0248 gram=0.0358 uniq=0.0000 langAdv=0.0000 acc_ic@1=0.999 acc_qa@1=1.000 entropy=4.12
epoch 84 step 1200: loss=-0.0037 img=0.0105 qa=0.0230 gram=0.0398 uniq=0.0000 langAdv=0.0000 acc_ic@1=1.000 acc_qa@1=1.000 entropy=4.12
epoch 84 step 1400: loss=0.0335 img=0.0108 qa=0.0598 gram=0.0413 uniq=0.0000 langAdv=0.0000 acc_ic@1=0.999 acc_qa@1=0.984 entropy=4.12
epoch 85 step 200: loss=-0.0093 img=0.0132 qa=0.0146 gram=0.0405 uniq=0.0000 langAdv=0.0000 acc_ic@1=1.000 acc_qa@1=1.000 entropy=4.12
epoch 85 step 400: loss=0.0082 img=0.0106 qa=0.0352 gram=0.0366 uniq=0.0000 langAdv=0.0000 acc_ic@1=0.999 acc_qa@1=1.000 entropy=4.12
epoch 85 step 600: loss=0.0169 img=0.0173 qa=0.0363 gram=0.0452 uniq=0.0000 langAdv=0.0000 acc_ic@1=0.996 acc_qa@1=1.000 entropy=4.12
epoch 85 step 800: loss=-0.0027 img=0.0111 qa=0.0227 gram=0.0458 uniq=0.0000 langAdv=0.0000 acc_ic@1=0.999 acc_qa@1=1.000 entropy=4.12
epoch 85 step 1000: loss=-0.0018 img=0.0109 qa=0.0246 gram=0.0398 uniq=0.0000 langAdv=0.0000 acc_ic@1=0.999 acc_qa@1=1.000 entropy=4.12
epoch 85 step 1200: loss=-0.0022 img=0.0148 qa=0.0207 gram=0.0351 uniq=0.0000 langAdv=0.0000 acc_ic@1=1.000 acc_qa@1=1.000 entropy=4.12
epoch 85 step 1400: loss=-0.0033 img=0.0091 qa=0.0247 gram=0.0412 uniq=0.0000 langAdv=0.0000 acc_ic@1=0.999 acc_qa@1=1.000 entropy=4.12
epoch 86 step 200: loss=0.0018 img=0.0109 qa=0.0277 gram=0.0438 uniq=0.0000 langAdv=0.0000 acc_ic@1=0.999 acc_qa@1=1.000 entropy=4.12
epoch 86 step 400: loss=-0.0118 img=0.0114 qa=0.0146 gram=0.0341 uniq=0.0000 langAdv=0.0000 acc_ic@1=0.999 acc_qa@1=1.000 entropy=4.12
epoch 86 step 600: loss=-0.0002 img=0.0129 qa=0.0235 gram=0.0464 uniq=0.0000 langAdv=0.0000 acc_ic@1=0.999 acc_qa@1=1.000 entropy=4.12
epoch 86 step 800: loss=0.0336 img=0.0088 qa=0.0616 gram=0.0441 uniq=0.0000 langAdv=0.0000 acc_ic@1=0.999 acc_qa@1=0.984 entropy=4.12
epoch 86 step 1000: loss=0.0166 img=0.0100 qa=0.0437 gram=0.0408 uniq=0.0000 langAdv=0.0000 acc_ic@1=0.999 acc_qa@1=0.984 entropy=4.12
epoch 86 step 1200: loss=0.0044 img=0.0093 qa=0.0325 gram=0.0378 uniq=0.0000 langAdv=0.0000 acc_ic@1=1.000 acc_qa@1=1.000 entropy=4.12
epoch 86 step 1400: loss=0.0424 img=0.0114 qa=0.0683 gram=0.0382 uniq=0.0000 langAdv=0.0000 acc_ic@1=0.999 acc_qa@1=0.969 entropy=4.12
epoch 87 step 200: loss=0.0042 img=0.0119 qa=0.0290 gram=0.0451 uniq=0.0000 langAdv=0.0000 acc_ic@1=1.000 acc_qa@1=1.000 entropy=4.12
epoch 87 step 400: loss=-0.0056 img=0.0116 qa=0.0197 gram=0.0426 uniq=0.0000 langAdv=0.0000 acc_ic@1=0.999 acc_qa@1=1.000 entropy=4.12
epoch 87 step 600: loss=0.0034 img=0.0087 qa=0.0316 gram=0.0430 uniq=0.0000 langAdv=0.0000 acc_ic@1=1.000 acc_qa@1=1.000 entropy=4.12
epoch 87 step 800: loss=0.0014 img=0.0116 qa=0.0272 gram=0.0385 uniq=0.0000 langAdv=0.0000 acc_ic@1=0.999 acc_qa@1=1.000 entropy=4.12
epoch 87 step 1000: loss=0.0007 img=0.0113 qa=0.0263 gram=0.0428 uniq=0.0000 langAdv=0.0000 acc_ic@1=0.999 acc_qa@1=1.000 entropy=4.12
epoch 87 step 1200: loss=0.0013 img=0.0106 qa=0.0276 gram=0.0431 uniq=0.0000 langAdv=0.0000 acc_ic@1=0.999 acc_qa@1=1.000 entropy=4.12
epoch 87 step 1400: loss=0.0017 img=0.0126 qa=0.0262 gram=0.0411 uniq=0.0000 langAdv=0.0000 acc_ic@1=0.999 acc_qa@1=1.000 entropy=4.12
epoch 88 step 200: loss=0.0154 img=0.0100 qa=0.0429 gram=0.0370 uniq=0.0000 langAdv=0.0000 acc_ic@1=0.999 acc_qa@1=0.984 entropy=4.12
epoch 88 step 400: loss=0.0012 img=0.0153 qa=0.0229 gram=0.0421 uniq=0.0000 langAdv=0.0000 acc_ic@1=0.998 acc_qa@1=1.000 entropy=4.12
epoch 88 step 600: loss=-0.0010 img=0.0098 qa=0.0262 gram=0.0416 uniq=0.0000 langAdv=0.0000 acc_ic@1=0.999 acc_qa@1=1.000 entropy=4.12
epoch 88 step 800: loss=-0.0084 img=0.0117 qa=0.0164 gram=0.0462 uniq=0.0000 langAdv=0.0000 acc_ic@1=0.999 acc_qa@1=1.000 entropy=4.12
epoch 88 step 1000: loss=-0.0000 img=0.0128 qa=0.0238 gram=0.0453 uniq=0.0000 langAdv=0.0000 acc_ic@1=0.999 acc_qa@1=1.000 entropy=4.12
epoch 88 step 1200: loss=-0.0043 img=0.0125 qa=0.0203 gram=0.0408 uniq=0.0000 langAdv=0.0000 acc_ic@1=0.999 acc_qa@1=1.000 entropy=4.12
epoch 88 step 1400: loss=0.0202 img=0.0088 qa=0.0489 gram=0.0369 uniq=0.0000 langAdv=0.0000 acc_ic@1=0.999 acc_qa@1=1.000 entropy=4.12
epoch 89 step 200: loss=0.0021 img=0.0095 qa=0.0297 gram=0.0404 uniq=0.0000 langAdv=0.0000 acc_ic@1=0.999 acc_qa@1=1.000 entropy=4.12
epoch 89 step 400: loss=0.0014 img=0.0115 qa=0.0270 gram=0.0415 uniq=0.0000 langAdv=0.0000 acc_ic@1=0.999 acc_qa@1=1.000 entropy=4.12
epoch 89 step 600: loss=-0.0064 img=0.0122 qa=0.0187 gram=0.0393 uniq=0.0000 langAdv=0.0000 acc_ic@1=0.999 acc_qa@1=1.000 entropy=4.12
epoch 89 step 800: loss=0.0184 img=0.0097 qa=0.0459 gram=0.0398 uniq=0.0000 langAdv=0.0000 acc_ic@1=1.000 acc_qa@1=0.984 entropy=4.12
epoch 89 step 1000: loss=-0.0039 img=0.0101 qa=0.0233 gram=0.0402 uniq=0.0000 langAdv=0.0000 acc_ic@1=0.999 acc_qa@1=1.000 entropy=4.12
epoch 89 step 1200: loss=-0.0084 img=0.0107 qa=0.0178 gram=0.0427 uniq=0.0000 langAdv=0.0000 acc_ic@1=0.999 acc_qa@1=1.000 entropy=4.12
epoch 89 step 1400: loss=-0.0002 img=0.0116 qa=0.0254 gram=0.0403 uniq=0.0000 langAdv=0.0000 acc_ic@1=0.999 acc_qa@1=1.000 entropy=4.12
epoch 90 step 200: loss=-0.0138 img=0.0112 qa=0.0124 gram=0.0378 uniq=0.0000 langAdv=0.0000 acc_ic@1=0.999 acc_qa@1=1.000 entropy=4.12
epoch 90 step 400: loss=-0.0086 img=0.0102 qa=0.0175 gram=0.0489 uniq=0.0000 langAdv=0.0000 acc_ic@1=0.999 acc_qa@1=1.000 entropy=4.12
epoch 90 step 600: loss=-0.0015 img=0.0108 qa=0.0245 gram=0.0437 uniq=0.0000 langAdv=0.0000 acc_ic@1=0.999 acc_qa@1=1.000 entropy=4.12
epoch 90 step 800: loss=-0.0072 img=0.0109 qa=0.0190 gram=0.0405 uniq=0.0000 langAdv=0.0000 acc_ic@1=0.999 acc_qa@1=1.000 entropy=4.12
epoch 90 step 1000: loss=-0.0067 img=0.0097 qa=0.0207 gram=0.0407 uniq=0.0000 langAdv=0.0000 acc_ic@1=0.999 acc_qa@1=1.000 entropy=4.12
epoch 90 step 1200: loss=0.0090 img=0.0117 qa=0.0346 gram=0.0392 uniq=0.0000 langAdv=0.0000 acc_ic@1=0.999 acc_qa@1=1.000 entropy=4.12
epoch 90 step 1400: loss=0.0020 img=0.0124 qa=0.0264 gram=0.0437 uniq=0.0000 langAdv=0.0000 acc_ic@1=0.999 acc_qa@1=1.000 entropy=4.12
epoch 91 step 200: loss=-0.0030 img=0.0111 qa=0.0222 gram=0.0484 uniq=0.0000 langAdv=0.0000 acc_ic@1=0.999 acc_qa@1=1.000 entropy=4.12
epoch 91 step 400: loss=-0.0041 img=0.0086 qa=0.0241 gram=0.0434 uniq=0.0000 langAdv=0.0000 acc_ic@1=1.000 acc_qa@1=1.000 entropy=4.12
epoch 91 step 600: loss=-0.0038 img=0.0111 qa=0.0222 gram=0.0407 uniq=0.0000 langAdv=0.0000 acc_ic@1=0.999 acc_qa@1=1.000 entropy=4.12
epoch 91 step 800: loss=0.0016 img=0.0126 qa=0.0265 gram=0.0367 uniq=0.0000 langAdv=0.0000 acc_ic@1=0.999 acc_qa@1=1.000 entropy=4.12
epoch 91 step 1000: loss=0.0102 img=0.0120 qa=0.0349 gram=0.0441 uniq=0.0000 langAdv=0.0000 acc_ic@1=0.999 acc_qa@1=1.000 entropy=4.12
epoch 91 step 1200: loss=0.0098 img=0.0125 qa=0.0345 gram=0.0399 uniq=0.0000 langAdv=0.0000 acc_ic@1=1.000 acc_qa@1=1.000 entropy=4.12
epoch 91 step 1400: loss=0.0009 img=0.0123 qa=0.0261 gram=0.0371 uniq=0.0000 langAdv=0.0000 acc_ic@1=0.999 acc_qa@1=1.000 entropy=4.12
epoch 92 step 200: loss=-0.0089 img=0.0101 qa=0.0185 gram=0.0380 uniq=0.0000 langAdv=0.0000 acc_ic@1=0.999 acc_qa@1=1.000 entropy=4.12
epoch 92 step 400: loss=0.0081 img=0.0099 qa=0.0355 gram=0.0392 uniq=0.0000 langAdv=0.0000 acc_ic@1=1.000 acc_qa@1=0.984 entropy=4.12
epoch 92 step 600: loss=-0.0006 img=0.0139 qa=0.0220 gram=0.0470 uniq=0.0000 langAdv=0.0000 acc_ic@1=0.999 acc_qa@1=1.000 entropy=4.12
epoch 92 step 800: loss=-0.0085 img=0.0120 qa=0.0169 gram=0.0378 uniq=0.0000 langAdv=0.0000 acc_ic@1=1.000 acc_qa@1=1.000 entropy=4.12
epoch 92 step 1000: loss=0.0055 img=0.0137 qa=0.0290 gram=0.0395 uniq=0.0000 langAdv=0.0000 acc_ic@1=0.998 acc_qa@1=1.000 entropy=4.12
epoch 92 step 1200: loss=0.0179 img=0.0121 qa=0.0424 gram=0.0458 uniq=0.0000 langAdv=0.0000 acc_ic@1=0.999 acc_qa@1=1.000 entropy=4.12
epoch 92 step 1400: loss=0.0100 img=0.0130 qa=0.0339 gram=0.0434 uniq=0.0000 langAdv=0.0000 acc_ic@1=0.999 acc_qa@1=1.000 entropy=4.12
epoch 93 step 200: loss=-0.0033 img=0.0113 qa=0.0226 gram=0.0401 uniq=0.0000 langAdv=0.0000 acc_ic@1=0.999 acc_qa@1=1.000 entropy=4.12
epoch 93 step 400: loss=0.0057 img=0.0107 qa=0.0323 gram=0.0385 uniq=0.0000 langAdv=0.0000 acc_ic@1=1.000 acc_qa@1=1.000 entropy=4.12
epoch 93 step 600: loss=-0.0048 img=0.0105 qa=0.0218 gram=0.0414 uniq=0.0000 langAdv=0.0000 acc_ic@1=0.999 acc_qa@1=1.000 entropy=4.12
epoch 93 step 800: loss=0.0026 img=0.0082 qa=0.0323 gram=0.0328 uniq=0.0000 langAdv=0.0000 acc_ic@1=1.000 acc_qa@1=1.000 entropy=4.12
epoch 93 step 1000: loss=0.0031 img=0.0119 qa=0.0285 gram=0.0390 uniq=0.0000 langAdv=0.0000 acc_ic@1=0.999 acc_qa@1=1.000 entropy=4.12
epoch 93 step 1200: loss=0.0012 img=0.0118 qa=0.0267 gram=0.0390 uniq=0.0000 langAdv=0.0000 acc_ic@1=0.999 acc_qa@1=1.000 entropy=4.12
epoch 93 step 1400: loss=0.0143 img=0.0094 qa=0.0425 gram=0.0356 uniq=0.0000 langAdv=0.0000 acc_ic@1=1.000 acc_qa@1=1.000 entropy=4.12
epoch 94 step 200: loss=-0.0098 img=0.0127 qa=0.0149 gram=0.0390 uniq=0.0000 langAdv=0.0000 acc_ic@1=0.998 acc_qa@1=1.000 entropy=4.12
epoch 94 step 400: loss=0.0020 img=0.0084 qa=0.0301 gram=0.0455 uniq=0.0000 langAdv=0.0000 acc_ic@1=1.000 acc_qa@1=1.000 entropy=4.12
epoch 94 step 600: loss=0.0137 img=0.0131 qa=0.0373 gram=0.0442 uniq=0.0000 langAdv=0.0000 acc_ic@1=0.999 acc_qa@1=1.000 entropy=4.12
epoch 94 step 800: loss=0.0032 img=0.0117 qa=0.0290 gram=0.0380 uniq=0.0000 langAdv=0.0000 acc_ic@1=0.999 acc_qa@1=1.000 entropy=4.12
epoch 94 step 1000: loss=0.0130 img=0.0105 qa=0.0396 gram=0.0406 uniq=0.0000 langAdv=0.0000 acc_ic@1=0.999 acc_qa@1=0.984 entropy=4.12
epoch 94 step 1200: loss=0.0054 img=0.0112 qa=0.0313 gram=0.0409 uniq=0.0000 langAdv=0.0000 acc_ic@1=1.000 acc_qa@1=0.984 entropy=4.12
epoch 94 step 1400: loss=0.0135 img=0.0114 qa=0.0392 gram=0.0412 uniq=0.0000 langAdv=0.0000 acc_ic@1=0.999 acc_qa@1=1.000 entropy=4.12
epoch 95 step 200: loss=-0.0057 img=0.0101 qa=0.0211 gram=0.0429 uniq=0.0000 langAdv=0.0000 acc_ic@1=0.999 acc_qa@1=1.000 entropy=4.12
epoch 95 step 400: loss=-0.0054 img=0.0132 qa=0.0181 gram=0.0455 uniq=0.0000 langAdv=0.0000 acc_ic@1=0.999 acc_qa@1=1.000 entropy=4.12
epoch 95 step 600: loss=-0.0067 img=0.0114 qa=0.0187 gram=0.0434 uniq=0.0000 langAdv=0.0000 acc_ic@1=0.999 acc_qa@1=1.000 entropy=4.12
epoch 95 step 800: loss=-0.0080 img=0.0089 qa=0.0200 gram=0.0428 uniq=0.0000 langAdv=0.0000 acc_ic@1=1.000 acc_qa@1=1.000 entropy=4.12
epoch 95 step 1000: loss=-0.0049 img=0.0093 qa=0.0223 gram=0.0467 uniq=0.0000 langAdv=0.0000 acc_ic@1=0.999 acc_qa@1=1.000 entropy=4.12
epoch 95 step 1200: loss=0.0090 img=0.0106 qa=0.0351 gram=0.0454 uniq=0.0000 langAdv=0.0000 acc_ic@1=0.999 acc_qa@1=1.000 entropy=4.12
epoch 95 step 1400: loss=0.0088 img=0.0103 qa=0.0359 gram=0.0386 uniq=0.0000 langAdv=0.0000 acc_ic@1=0.999 acc_qa@1=1.000 entropy=4.12
epoch 96 step 200: loss=0.0212 img=0.0098 qa=0.0487 gram=0.0397 uniq=0.0000 langAdv=0.0000 acc_ic@1=0.999 acc_qa@1=1.000 entropy=4.12
epoch 96 step 400: loss=-0.0032 img=0.0116 qa=0.0226 gram=0.0386 uniq=0.0000 langAdv=0.0000 acc_ic@1=0.999 acc_qa@1=1.000 entropy=4.12
epoch 96 step 600: loss=0.0091 img=0.0113 qa=0.0348 gram=0.0418 uniq=0.0000 langAdv=0.0000 acc_ic@1=0.999 acc_qa@1=1.000 entropy=4.12
epoch 96 step 800: loss=0.0052 img=0.0150 qa=0.0273 gram=0.0423 uniq=0.0000 langAdv=0.0000 acc_ic@1=1.000 acc_qa@1=1.000 entropy=4.12
epoch 96 step 1000: loss=0.0115 img=0.0093 qa=0.0387 gram=0.0478 uniq=0.0000 langAdv=0.0000 acc_ic@1=0.999 acc_qa@1=1.000 entropy=4.12
epoch 96 step 1200: loss=0.0069 img=0.0112 qa=0.0329 gram=0.0401 uniq=0.0000 langAdv=0.0000 acc_ic@1=0.999 acc_qa@1=1.000 entropy=4.12
epoch 96 step 1400: loss=-0.0008 img=0.0105 qa=0.0256 gram=0.0428 uniq=0.0000 langAdv=0.0000 acc_ic@1=0.999 acc_qa@1=1.000 entropy=4.12
epoch 97 step 200: loss=-0.0029 img=0.0138 qa=0.0199 gram=0.0456 uniq=0.0000 langAdv=0.0000 acc_ic@1=0.999 acc_qa@1=1.000 entropy=4.12
epoch 97 step 400: loss=0.0042 img=0.0125 qa=0.0286 gram=0.0429 uniq=0.0000 langAdv=0.0000 acc_ic@1=0.999 acc_qa@1=1.000 entropy=4.12
epoch 97 step 600: loss=-0.0041 img=0.0117 qa=0.0212 gram=0.0411 uniq=0.0000 langAdv=0.0000 acc_ic@1=0.999 acc_qa@1=1.000 entropy=4.12
epoch 97 step 800: loss=0.0185 img=0.0111 qa=0.0444 gram=0.0417 uniq=0.0000 langAdv=0.0000 acc_ic@1=0.999 acc_qa@1=1.000 entropy=4.12
epoch 97 step 1000: loss=0.0028 img=0.0122 qa=0.0278 gram=0.0399 uniq=0.0000 langAdv=0.0000 acc_ic@1=0.999 acc_qa@1=1.000 entropy=4.12
epoch 97 step 1200: loss=-0.0019 img=0.0117 qa=0.0235 gram=0.0413 uniq=0.0000 langAdv=0.0000 acc_ic@1=0.999 acc_qa@1=1.000 entropy=4.12
epoch 97 step 1400: loss=-0.0042 img=0.0118 qa=0.0208 gram=0.0443 uniq=0.0000 langAdv=0.0000 acc_ic@1=1.000 acc_qa@1=1.000 entropy=4.12
epoch 98 step 200: loss=-0.0009 img=0.0121 qa=0.0241 gram=0.0411 uniq=0.0000 langAdv=0.0000 acc_ic@1=0.999 acc_qa@1=1.000 entropy=4.12
epoch 98 step 400: loss=-0.0092 img=0.0116 qa=0.0162 gram=0.0421 uniq=0.0000 langAdv=0.0000 acc_ic@1=0.999 acc_qa@1=1.000 entropy=4.12
epoch 98 step 600: loss=-0.0038 img=0.0118 qa=0.0212 gram=0.0442 uniq=0.0000 langAdv=0.0000 acc_ic@1=0.999 acc_qa@1=1.000 entropy=4.12
epoch 98 step 800: loss=0.0141 img=0.0121 qa=0.0388 gram=0.0441 uniq=0.0000 langAdv=0.0000 acc_ic@1=0.999 acc_qa@1=1.000 entropy=4.12
epoch 98 step 1000: loss=-0.0039 img=0.0097 qa=0.0238 gram=0.0389 uniq=0.0000 langAdv=0.0000 acc_ic@1=0.999 acc_qa@1=1.000 entropy=4.12
epoch 98 step 1200: loss=-0.0108 img=0.0112 qa=0.0150 gram=0.0417 uniq=0.0000 langAdv=0.0000 acc_ic@1=0.999 acc_qa@1=1.000 entropy=4.12
epoch 98 step 1400: loss=0.0195 img=0.0115 qa=0.0451 gram=0.0415 uniq=0.0000 langAdv=0.0000 acc_ic@1=0.999 acc_qa@1=1.000 entropy=4.12
epoch 99 step 200: loss=0.0071 img=0.0108 qa=0.0338 gram=0.0372 uniq=0.0000 langAdv=0.0000 acc_ic@1=0.999 acc_qa@1=1.000 entropy=4.12
epoch 99 step 400: loss=-0.0093 img=0.0109 qa=0.0167 gram=0.0424 uniq=0.0000 langAdv=0.0000 acc_ic@1=0.999 acc_qa@1=1.000 entropy=4.12
epoch 99 step 600: loss=0.0140 img=0.0113 qa=0.0399 gram=0.0403 uniq=0.0000 langAdv=0.0000 acc_ic@1=0.999 acc_qa@1=0.984 entropy=4.12
epoch 99 step 800: loss=0.0039 img=0.0111 qa=0.0297 gram=0.0420 uniq=0.0000 langAdv=0.0000 acc_ic@1=0.999 acc_qa@1=1.000 entropy=4.12
epoch 99 step 1000: loss=0.0302 img=0.0105 qa=0.0573 gram=0.0360 uniq=0.0000 langAdv=0.0000 acc_ic@1=1.000 acc_qa@1=0.969 entropy=4.12
epoch 99 step 1200: loss=0.0125 img=0.0125 qa=0.0367 gram=0.0459 uniq=0.0000 langAdv=0.0000 acc_ic@1=0.998 acc_qa@1=1.000 entropy=4.12
epoch 99 step 1400: loss=0.0052 img=0.0113 qa=0.0310 gram=0.0409 uniq=0.0000 langAdv=0.0000 acc_ic@1=0.999 acc_qa@1=1.000 entropy=4.12
epoch 100 step 200: loss=-0.0045 img=0.0110 qa=0.0200 gram=0.0566 uniq=0.0000 langAdv=0.0000 acc_ic@1=0.999 acc_qa@1=1.000 entropy=4.12
epoch 100 step 400: loss=0.0232 img=0.0100 qa=0.0506 gram=0.0386 uniq=0.0000 langAdv=0.0000 acc_ic@1=0.999 acc_qa@1=1.000 entropy=4.12
epoch 100 step 600: loss=0.0058 img=0.0091 qa=0.0340 gram=0.0388 uniq=0.0000 langAdv=0.0000 acc_ic@1=0.999 acc_qa@1=1.000 entropy=4.12
epoch 100 step 800: loss=0.0063 img=0.0125 qa=0.0310 gram=0.0399 uniq=0.0000 langAdv=0.0000 acc_ic@1=0.999 acc_qa@1=1.000 entropy=4.12
epoch 100 step 1000: loss=0.0141 img=0.0092 qa=0.0420 gram=0.0406 uniq=0.0000 langAdv=0.0000 acc_ic@1=0.999 acc_qa@1=0.984 entropy=4.12
epoch 100 step 1200: loss=-0.0030 img=0.0140 qa=0.0206 gram=0.0359 uniq=0.0000 langAdv=0.0000 acc_ic@1=1.000 acc_qa@1=1.000 entropy=4.12
epoch 100 step 1400: loss=0.0088 img=0.0090 qa=0.0374 gram=0.0357 uniq=0.0000 langAdv=0.0000 acc_ic@1=1.000 acc_qa@1=1.000 entropy=4.12
epoch 101 step 200: loss=-0.0072 img=0.0116 qa=0.0177 gram=0.0462 uniq=0.0000 langAdv=0.0000 acc_ic@1=0.999 acc_qa@1=1.000 entropy=4.12
epoch 101 step 400: loss=-0.0109 img=0.0089 qa=0.0174 gram=0.0397 uniq=0.0000 langAdv=0.0000 acc_ic@1=0.999 acc_qa@1=1.000 entropy=4.12
epoch 101 step 600: loss=0.0008 img=0.0149 qa=0.0226 gram=0.0450 uniq=0.0000 langAdv=0.0000 acc_ic@1=0.998 acc_qa@1=1.000 entropy=4.12
epoch 101 step 800: loss=-0.0053 img=0.0135 qa=0.0184 gram=0.0398 uniq=0.0000 langAdv=0.0000 acc_ic@1=0.999 acc_qa@1=1.000 entropy=4.12
epoch 101 step 1000: loss=0.0770 img=0.0095 qa=0.1046 gram=0.0408 uniq=0.0000 langAdv=0.0000 acc_ic@1=1.000 acc_qa@1=0.969 entropy=4.12
epoch 101 step 1200: loss=-0.0046 img=0.0121 qa=0.0206 gram=0.0394 uniq=0.0000 langAdv=0.0000 acc_ic@1=0.999 acc_qa@1=1.000 entropy=4.12
epoch 101 step 1400: loss=0.0122 img=0.0081 qa=0.0411 gram=0.0415 uniq=0.0000 langAdv=0.0000 acc_ic@1=1.000 acc_qa@1=0.984 entropy=4.12
epoch 102 step 200: loss=-0.0036 img=0.0125 qa=0.0210 gram=0.0406 uniq=0.0000 langAdv=0.0000 acc_ic@1=1.000 acc_qa@1=1.000 entropy=4.12
epoch 102 step 400: loss=-0.0045 img=0.0101 qa=0.0228 gram=0.0378 uniq=0.0000 langAdv=0.0000 acc_ic@1=0.999 acc_qa@1=1.000 entropy=4.12
epoch 102 step 600: loss=-0.0048 img=0.0110 qa=0.0213 gram=0.0404 uniq=0.0000 langAdv=0.0000 acc_ic@1=1.000 acc_qa@1=1.000 entropy=4.12
epoch 102 step 800: loss=-0.0051 img=0.0114 qa=0.0207 gram=0.0401 uniq=0.0000 langAdv=0.0000 acc_ic@1=0.999 acc_qa@1=1.000 entropy=4.12
epoch 102 step 1000: loss=0.0786 img=0.0090 qa=0.1064 gram=0.0433 uniq=0.0000 langAdv=0.0000 acc_ic@1=1.000 acc_qa@1=0.953 entropy=4.12
epoch 102 step 1200: loss=-0.0028 img=0.0093 qa=0.0249 gram=0.0415 uniq=0.0000 langAdv=0.0000 acc_ic@1=1.000 acc_qa@1=1.000 entropy=4.12
epoch 102 step 1400: loss=-0.0013 img=0.0127 qa=0.0234 gram=0.0376 uniq=0.0000 langAdv=0.0000 acc_ic@1=0.999 acc_qa@1=1.000 entropy=4.12
epoch 103 step 200: loss=-0.0056 img=0.0124 qa=0.0193 gram=0.0387 uniq=0.0000 langAdv=0.0000 acc_ic@1=0.999 acc_qa@1=1.000 entropy=4.12
epoch 103 step 400: loss=0.0030 img=0.0114 qa=0.0285 gram=0.0419 uniq=0.0000 langAdv=0.0000 acc_ic@1=0.999 acc_qa@1=1.000 entropy=4.12
epoch 103 step 600: loss=-0.0031 img=0.0112 qa=0.0228 gram=0.0412 uniq=0.0000 langAdv=0.0000 acc_ic@1=0.999 acc_qa@1=1.000 entropy=4.12
epoch 103 step 800: loss=-0.0030 img=0.0101 qa=0.0239 gram=0.0416 uniq=0.0000 langAdv=0.0000 acc_ic@1=0.999 acc_qa@1=1.000 entropy=4.12
epoch 103 step 1000: loss=0.0074 img=0.0103 qa=0.0337 gram=0.0462 uniq=0.0000 langAdv=0.0000 acc_ic@1=0.999 acc_qa@1=1.000 entropy=4.12
epoch 103 step 1200: loss=-0.0062 img=0.0119 qa=0.0188 gram=0.0420 uniq=0.0000 langAdv=0.0000 acc_ic@1=0.999 acc_qa@1=1.000 entropy=4.12
epoch 103 step 1400: loss=-0.0114 img=0.0109 qa=0.0153 gram=0.0361 uniq=0.0000 langAdv=0.0000 acc_ic@1=0.999 acc_qa@1=1.000 entropy=4.12
epoch 104 step 200: loss=0.0242 img=0.0128 qa=0.0481 gram=0.0445 uniq=0.0000 langAdv=0.0000 acc_ic@1=0.999 acc_qa@1=0.984 entropy=4.12
epoch 104 step 400: loss=-0.0065 img=0.0108 qa=0.0197 gram=0.0419 uniq=0.0000 langAdv=0.0000 acc_ic@1=0.999 acc_qa@1=1.000 entropy=4.12
epoch 104 step 600: loss=0.0087 img=0.0117 qa=0.0337 gram=0.0447 uniq=0.0000 langAdv=0.0000 acc_ic@1=0.999 acc_qa@1=0.984 entropy=4.12
epoch 104 step 800: loss=0.0045 img=0.0091 qa=0.0321 gram=0.0445 uniq=0.0000 langAdv=0.0000 acc_ic@1=0.999 acc_qa@1=1.000 entropy=4.12
epoch 104 step 1000: loss=-0.0034 img=0.0106 qa=0.0228 gram=0.0440 uniq=0.0000 langAdv=0.0000 acc_ic@1=0.999 acc_qa@1=1.000 entropy=4.12
epoch 104 step 1200: loss=0.0252 img=0.0117 qa=0.0504 gram=0.0430 uniq=0.0000 langAdv=0.0000 acc_ic@1=0.999 acc_qa@1=1.000 entropy=4.12
epoch 104 step 1400: loss=0.0205 img=0.0121 qa=0.0455 gram=0.0408 uniq=0.0000 langAdv=0.0000 acc_ic@1=0.999 acc_qa@1=1.000 entropy=4.12
epoch 105 step 200: loss=0.0226 img=0.0098 qa=0.0503 gram=0.0364 uniq=0.0000 langAdv=0.0000 acc_ic@1=0.999 acc_qa@1=1.000 entropy=4.12
epoch 105 step 400: loss=-0.0058 img=0.0126 qa=0.0185 gram=0.0435 uniq=0.0000 langAdv=0.0000 acc_ic@1=0.999 acc_qa@1=1.000 entropy=4.12
epoch 105 step 600: loss=-0.0067 img=0.0094 qa=0.0210 gram=0.0402 uniq=0.0000 langAdv=0.0000 acc_ic@1=0.999 acc_qa@1=1.000 entropy=4.12
epoch 105 step 800: loss=-0.0079 img=0.0100 qa=0.0195 gram=0.0390 uniq=0.0000 langAdv=0.0000 acc_ic@1=0.999 acc_qa@1=1.000 entropy=4.12
epoch 105 step 1000: loss=-0.0099 img=0.0101 qa=0.0171 gram=0.0404 uniq=0.0000 langAdv=0.0000 acc_ic@1=0.999 acc_qa@1=1.000 entropy=4.12
epoch 105 step 1200: loss=0.0138 img=0.0099 qa=0.0410 gram=0.0404 uniq=0.0000 langAdv=0.0000 acc_ic@1=0.999 acc_qa@1=0.984 entropy=4.12
epoch 105 step 1400: loss=0.0047 img=0.0098 qa=0.0320 gram=0.0406 uniq=0.0000 langAdv=0.0000 acc_ic@1=0.999 acc_qa@1=1.000 entropy=4.12
epoch 106 step 200: loss=-0.0113 img=0.0102 qa=0.0156 gram=0.0418 uniq=0.0000 langAdv=0.0000 acc_ic@1=0.999 acc_qa@1=1.000 entropy=4.12
epoch 106 step 400: loss=-0.0071 img=0.0113 qa=0.0187 gram=0.0406 uniq=0.0000 langAdv=0.0000 acc_ic@1=0.999 acc_qa@1=1.000 entropy=4.12
epoch 106 step 600: loss=0.0167 img=0.0126 qa=0.0411 gram=0.0418 uniq=0.0000 langAdv=0.0000 acc_ic@1=0.998 acc_qa@1=0.984 entropy=4.12
epoch 106 step 800: loss=-0.0106 img=0.0101 qa=0.0162 gram=0.0432 uniq=0.0000 langAdv=0.0000 acc_ic@1=1.000 acc_qa@1=1.000 entropy=4.12
epoch 106 step 1000: loss=0.0004 img=0.0105 qa=0.0254 gram=0.0565 uniq=0.0000 langAdv=0.0000 acc_ic@1=1.000 acc_qa@1=1.000 entropy=4.12
epoch 106 step 1200: loss=0.0009 img=0.0126 qa=0.0251 gram=0.0450 uniq=0.0000 langAdv=0.0000 acc_ic@1=0.998 acc_qa@1=1.000 entropy=4.12
epoch 106 step 1400: loss=-0.0091 img=0.0116 qa=0.0164 gram=0.0414 uniq=0.0000 langAdv=0.0000 acc_ic@1=0.999 acc_qa@1=1.000 entropy=4.12
epoch 107 step 200: loss=0.0016 img=0.0112 qa=0.0274 gram=0.0420 uniq=0.0000 langAdv=0.0000 acc_ic@1=0.999 acc_qa@1=1.000 entropy=4.12
epoch 107 step 400: loss=-0.0048 img=0.0110 qa=0.0210 gram=0.0438 uniq=0.0000 langAdv=0.0000 acc_ic@1=0.999 acc_qa@1=1.000 entropy=4.12
epoch 107 step 600: loss=0.0004 img=0.0085 qa=0.0290 gram=0.0408 uniq=0.0000 langAdv=0.0000 acc_ic@1=1.000 acc_qa@1=1.000 entropy=4.12
epoch 107 step 800: loss=-0.0095 img=0.0112 qa=0.0164 gram=0.0404 uniq=0.0000 langAdv=0.0000 acc_ic@1=0.999 acc_qa@1=1.000 entropy=4.12
epoch 107 step 1000: loss=0.0048 img=0.0108 qa=0.0307 gram=0.0448 uniq=0.0000 langAdv=0.0000 acc_ic@1=0.999 acc_qa@1=1.000 entropy=4.12
epoch 107 step 1200: loss=-0.0110 img=0.0110 qa=0.0150 gram=0.0420 uniq=0.0000 langAdv=0.0000 acc_ic@1=0.999 acc_qa@1=1.000 entropy=4.12
epoch 107 step 1400: loss=-0.0053 img=0.0109 qa=0.0213 gram=0.0363 uniq=0.0000 langAdv=0.0000 acc_ic@1=0.999 acc_qa@1=1.000 entropy=4.12
epoch 108 step 200: loss=-0.0068 img=0.0127 qa=0.0176 gram=0.0414 uniq=0.0000 langAdv=0.0000 acc_ic@1=0.999 acc_qa@1=1.000 entropy=4.12
epoch 108 step 400: loss=0.0265 img=0.0116 qa=0.0519 gram=0.0411 uniq=0.0000 langAdv=0.0000 acc_ic@1=0.999 acc_qa@1=0.969 entropy=4.12
epoch 108 step 600: loss=-0.0024 img=0.0101 qa=0.0248 gram=0.0381 uniq=0.0000 langAdv=0.0000 acc_ic@1=0.999 acc_qa@1=1.000 entropy=4.12
epoch 108 step 800: loss=0.0214 img=0.0116 qa=0.0463 gram=0.0471 uniq=0.0000 langAdv=0.0000 acc_ic@1=0.999 acc_qa@1=1.000 entropy=4.12
epoch 108 step 1000: loss=-0.0140 img=0.0093 qa=0.0137 gram=0.0419 uniq=0.0000 langAdv=0.0000 acc_ic@1=0.999 acc_qa@1=1.000 entropy=4.12
epoch 108 step 1200: loss=0.0026 img=0.0107 qa=0.0286 gram=0.0440 uniq=0.0000 langAdv=0.0000 acc_ic@1=0.999 acc_qa@1=1.000 entropy=4.12
epoch 108 step 1400: loss=0.0034 img=0.0113 qa=0.0278 gram=0.0541 uniq=0.0000 langAdv=0.0000 acc_ic@1=0.999 acc_qa@1=1.000 entropy=4.12
epoch 109 step 200: loss=-0.0072 img=0.0094 qa=0.0207 gram=0.0384 uniq=0.0000 langAdv=0.0000 acc_ic@1=1.000 acc_qa@1=1.000 entropy=4.12
epoch 109 step 400: loss=0.0023 img=0.0109 qa=0.0286 gram=0.0397 uniq=0.0000 langAdv=0.0000 acc_ic@1=0.999 acc_qa@1=1.000 entropy=4.12
epoch 109 step 600: loss=-0.0047 img=0.0102 qa=0.0220 gram=0.0430 uniq=0.0000 langAdv=0.0000 acc_ic@1=0.999 acc_qa@1=1.000 entropy=4.12
epoch 109 step 800: loss=0.0194 img=0.0114 qa=0.0454 gram=0.0382 uniq=0.0000 langAdv=0.0000 acc_ic@1=0.999 acc_qa@1=1.000 entropy=4.12
epoch 109 step 1000: loss=-0.0117 img=0.0103 qa=0.0151 gram=0.0404 uniq=0.0000 langAdv=0.0000 acc_ic@1=0.999 acc_qa@1=1.000 entropy=4.12
epoch 109 step 1200: loss=0.0084 img=0.0150 qa=0.0300 gram=0.0463 uniq=0.0000 langAdv=0.0000 acc_ic@1=0.998 acc_qa@1=1.000 entropy=4.12
epoch 109 step 1400: loss=-0.0017 img=0.0099 qa=0.0252 gram=0.0431 uniq=0.0000 langAdv=0.0000 acc_ic@1=1.000 acc_qa@1=1.000 entropy=4.12
epoch 110 step 200: loss=-0.0076 img=0.0107 qa=0.0185 gram=0.0435 uniq=0.0000 langAdv=0.0000 acc_ic@1=0.999 acc_qa@1=1.000 entropy=4.12
epoch 110 step 400: loss=0.0181 img=0.0098 qa=0.0453 gram=0.0423 uniq=0.0000 langAdv=0.0000 acc_ic@1=0.999 acc_qa@1=0.984 entropy=4.12
epoch 110 step 600: loss=0.0000 img=0.0114 qa=0.0260 gram=0.0373 uniq=0.0000 langAdv=0.0000 acc_ic@1=0.999 acc_qa@1=1.000 entropy=4.12
epoch 110 step 800: loss=-0.0041 img=0.0115 qa=0.0218 gram=0.0381 uniq=0.0000 langAdv=0.0000 acc_ic@1=0.999 acc_qa@1=1.000 entropy=4.12
epoch 110 step 1000: loss=0.0007 img=0.0144 qa=0.0229 gram=0.0458 uniq=0.0000 langAdv=0.0000 acc_ic@1=0.999 acc_qa@1=1.000 entropy=4.12
epoch 110 step 1200: loss=0.0084 img=0.0091 qa=0.0366 gram=0.0383 uniq=0.0000 langAdv=0.0000 acc_ic@1=0.999 acc_qa@1=1.000 entropy=4.12
epoch 110 step 1400: loss=-0.0062 img=0.0140 qa=0.0170 gram=0.0395 uniq=0.0000 langAdv=0.0000 acc_ic@1=0.998 acc_qa@1=1.000 entropy=4.12
Training complete. Artifacts saved in /home/lachlan/ProjectsLFS/incoder/artifacts/ilm_glyph_train_eos64_full
